result_id,provider,model,task,task_label,example_id,tags,input_text,reference_hindi,output_hindi,chrf,bertscore_f1
groq:translation:hi01,groq,llama-3.3-70b-versatile,translation,Translation,hi01,"admit,named_entity","I got an admit from NYU for MSCS, but the cost is scary.","मुझे MSCS के लिए NYU से प्रवेश मिला है, लेकिन खर्च डराने वाला है।","मुझे NYU से MSCS के लिए एडमिट मिला है, लेकिन खर्च बहुत डरावना है।",0.6761131460073745,0.995778313268663
groq:translation:hi02,groq,llama-3.3-70b-versatile,translation,Translation,hi02,"rejection,emotion",Three rejections in one week made me question whether I belong in grad school.,एक ही हफ्ते में तीन अस्वीकृतियों ने मुझे यह सोचने पर मजबूर कर दिया कि क्या मैं ग्रैड स्कूल के लायक हूं।,एक हफ्ते में तीन रिजेक्शन ने मुझे यह सवाल करने पर मजबूर कर दिया कि क्या मैं ग्रेजुएट स्कूल में होना सही है।,0.6481676805752672,0.9924270090461746
groq:translation:hi03,groq,llama-3.3-70b-versatile,translation,Translation,hi03,"code_mixed,slang","Is this profile too mid for top CS PhD programs, or am I overthinking?","क्या यह प्रोफाइल शीर्ष CS PhD कार्यक्रमों के लिए बहुत औसत है, या मैं जरूरत से ज्यादा सोच रहा हूं?","क्या यह प्रोफ़ाइल टॉप सीएस पीएचडी प्रोग्राम्स के लिए बहुत औसत है, या मैं ज़्यादा सोच रहा हूँ?",0.5851065085495022,0.9936863076558909
groq:translation:hi04,groq,llama-3.3-70b-versatile,translation,Translation,hi04,documents,My recommender uploaded the LoR after the deadline; should I email the department?,मेरे सिफारिशकर्ता ने समय-सीमा के बाद LoR अपलोड किया; क्या मुझे विभाग को ईमेल करना चाहिए?,मेरे रिकमेंडर ने डेडलाइन के बाद LoR अपलोड किया; क्या मुझे विभाग को ईमेल करना चाहिए?,0.736769156704847,0.9937716558859286
groq:translation:hi05,groq,llama-3.3-70b-versatile,translation,Translation,hi05,interview,The PI asked me about my research fit and why I wanted that lab.,PI ने मुझसे मेरी शोध-फिट और यह पूछा कि मैं उसी लैब में क्यों जाना चाहता हूं।,"पीआई ने मुझसे मेरे रिसर्च फिट और मैं उस लैब को क्यों चाहता था, इसके बारे में पूछा।",0.488826501671138,0.9913792358080308
groq:translation:hi06,groq,llama-3.3-70b-versatile,translation,Translation,hi06,funding,"An unfunded master's offer is tempting, but taking huge debt feels risky.","बिना फंडिंग वाला मास्टर्स ऑफर आकर्षक है, लेकिन बहुत बड़ा कर्ज लेना जोखिम भरा लगता है।","बिना फंडिंग वाला मास्टर्स ऑफर आकर्षक है, लेकिन बड़ा कर्ज लेना जोखिम भरा लगता है।",0.9398300753452692,0.9995317707081516
groq:translation:hi07,groq,llama-3.3-70b-versatile,translation,Translation,hi07,"named_entity,choice",Should I choose Purdue with partial funding or USC with better location but higher tuition?,क्या मुझे आंशिक फंडिंग वाले Purdue को चुनना चाहिए या बेहतर स्थान लेकिन अधिक ट्यूशन वाले USC को?,क्या मुझे आंशिक वित्तीय सहायता वाले पुर्ड्यू को चुनना चाहिए या बेहतर स्थान के साथ लेकिन उच्च शुल्क वाले यूएससी को?,0.596492644341427,0.9926592541419965
groq:translation:hi08,groq,llama-3.3-70b-versatile,translation,Translation,hi08,"gradcafe,slang",GradCafe is stressing me out because everyone seems to have heard back already.,GradCafe मुझे तनाव दे रहा है क्योंकि ऐसा लगता है कि बाकी सबको पहले ही जवाब मिल चुका है।,GradCafe मुझे तनाव दे रहा है क्योंकि लगता है कि सब लोगों को पहले ही जवाब मिल चुका है।,0.8409486535011935,0.9975250324717894
groq:translation:hi09,groq,llama-3.3-70b-versatile,translation,Translation,hi09,profile_review,"Profile review: 3.4 GPA, two research projects, no publications, applying to HCI programs.","प्रोफाइल समीक्षा: 3.4 GPA, दो शोध परियोजनाएं, कोई प्रकाशन नहीं, HCI कार्यक्रमों में आवेदन कर रहा हूं।","प्रोफाइल समीक्षा: ३.४ जीपीए, दो रिसर्च प्रोजेक्ट, कोई प्रकाशन नहीं, एचसीआई प्रोग्राम्स में आवेदन कर रहे हैं।",0.5425431539761882,0.9938767785698903
groq:translation:hi10,groq,llama-3.3-70b-versatile,translation,Translation,hi10,waitlist,I was waitlisted by my top choice and do not know whether to accept another offer.,मेरी पहली पसंद ने मुझे वेटलिस्ट कर दिया है और मुझे नहीं पता कि कोई दूसरा ऑफर स्वीकार करूं या नहीं।,मेरी पहली पसंद ने मुझे वेटलिस्ट में डाल दिया है और मुझे नहीं पता कि क्या मुझे किसी दूसरे ऑफर को स्वीकार करना चाहिए।,0.7414161414926851,0.9956900031027889
groq:translation:hi11,groq,llama-3.3-70b-versatile,translation,Translation,hi11,"code_mixed,emotion",Got the W today: funded PhD admit after months of doom-scrolling.,आज जीत मिल गई: महीनों तक चिंता में स्क्रॉल करने के बाद फंडेड PhD प्रवेश मिला।,आज जीत हासिल की: महीनों तक खराब खबरों को स्क्रॉल करने के बाद फंडेड PhD की प्रवेश प्राप्त हुई।,0.6438156881420556,0.9935887340701285
groq:translation:hi12,groq,llama-3.3-70b-versatile,translation,Translation,hi12,sop,My SOP sounds too generic; how do I make it show fit without name-dropping faculty?,मेरा SOP बहुत सामान्य लग रहा है; फैकल्टी के नाम गिनाए बिना मैं उसमें फिट कैसे दिखाऊं?,मेरा एसओपी बहुत ही सामान्य लगता है; मैं इसे फिट दिखाने के लिए कैसे बना सकता हूँ बिना फैकल्टी का नाम लिए?,0.5146516997788125,0.9911388484359771
groq:translation:hi13,groq,llama-3.3-70b-versatile,translation,Translation,hi13,"international,visa","As an international student, I am worried about visa timing and proving finances.",एक अंतरराष्ट्रीय छात्र के रूप में मुझे वीजा के समय और वित्तीय प्रमाण दिखाने की चिंता है।,"एक अंतरराष्ट्रीय छात्र के रूप में, मुझे वीजा की समयसीमा और वित्तीय साबित करने की चिंता है।",0.7584355895870852,0.9965411170508298
groq:translation:hi14,groq,llama-3.3-70b-versatile,translation,Translation,hi14,"named_entity,deadline",UMich says my transcript is missing even though the portal showed it as received last week.,"UMich कह रहा है कि मेरी ट्रांसक्रिप्ट गायब है, जबकि पोर्टल ने पिछले सप्ताह उसे प्राप्त दिखाया था।",यूएमिच्च कहता है कि मेरा ट्रांसक्रिप्ट गुम है भले ही पोर्टल ने पिछले हफ्ते इसे प्राप्त हुआ दिखाया था।,0.602361615624091,0.9940363316659132
groq:translation:hi15,groq,llama-3.3-70b-versatile,translation,Translation,hi15,"slang,profile_review","Chance me for Fall 2026: strong research, weak GPA, and a very ambitious school list.","Fall 2026 के लिए मेरे अवसर बताइए: शोध मजबूत है, GPA कमजोर है, और स्कूलों की सूची बहुत महत्वाकांक्षी है।","फॉल 2026 के लिए मेरी संभावनाएं जांचें: मजबूत रिसर्च, कमजोर जीपीए, और बहुत ही महत्वाकांक्षी स्कूल सूची।",0.497304137731076,0.9923441329833828
groq:translation:hi16,groq,llama-3.3-70b-versatile,translation,Translation,hi16,"interview,email",Should I send a thank-you email after a 20-minute Zoom interview?,क्या मुझे 20 मिनट के Zoom इंटरव्यू के बाद धन्यवाद ईमेल भेजना चाहिए?,क्या 20 मिनट के ज़ूम इंटरव्यू के बाद धन्यवाद ईमेल भेजना चाहिए?,0.815308460369122,0.9963965770994437
groq:translation:hi17,groq,llama-3.3-70b-versatile,translation,Translation,hi17,"funding,assistantship",The department said TA assignments are not guaranteed until August.,विभाग ने कहा कि TA असाइनमेंट अगस्त तक गारंटीशुदा नहीं हैं।,विभाग ने कहा कि अगस्त तक टीए असाइनमेंट गारंटीड नहीं हैं।,0.7524314219661292,0.9958664276540113
groq:translation:hi18,groq,llama-3.3-70b-versatile,translation,Translation,hi18,"named_entity,program",I am comparing Columbia Data Science with Georgia Tech OMSCS for career outcomes.,मैं करियर परिणामों के लिए Columbia Data Science और Georgia Tech OMSCS की तुलना कर रहा हूं।,मैं करियर के परिणामों के लिए कोलम्बिया डेटा साइंस और जॉर्जिया टेक OMSCS की तुलना कर रहा हूँ।,0.5342966676225399,0.993519738741451
groq:translation:hi19,groq,llama-3.3-70b-versatile,translation,Translation,hi19,"rejection,support",A rejection does not mean your profile is worthless; admissions are noisy and fit-dependent.,अस्वीकृति का मतलब यह नहीं कि आपकी प्रोफाइल बेकार है; प्रवेश प्रक्रिया अनिश्चित और फिट पर निर्भर होती है।,एक अस्वीकृति का अर्थ यह नहीं है कि आपका प्रोफ़ाइल व्यर्थ है; प्रवेश प्रक्रिया में शोर और फिट-निर्भर तत्व होते हैं।,0.5863552847611352,0.9936509695703309
groq:translation:hi20,groq,llama-3.3-70b-versatile,translation,Translation,hi20,"code_mixed,slang","The portal still says awaiting decision, so I am trying not to spiral.","पोर्टल अभी भी 'निर्णय प्रतीक्षित' दिखा रहा है, इसलिए मैं कोशिश कर रहा हूं कि घबराहट में न फंसूं।","पोर्टल अभी भी कहता है कि निर्णय की प्रतीक्षा है, इसलिए मैं स्पाइरल में नहीं पड़ने की कोशिश कर रहा हूँ।",0.5972767895172789,0.9908543493573441
groq:translation:hi21,groq,llama-3.3-70b-versatile,translation,Translation,hi21,"assistantship,slang","No TA, no scholarship, just vibes and a massive tuition bill.","न TA है, न छात्रवृत्ति, बस भरोसा है और बहुत भारी ट्यूशन बिल है।","कोई टीए नहीं, कोई स्कॉलरशिप नहीं, बस वाइब्स और एक बड़ा ट्यूशन बिल।",0.2777896303058155,0.9909052326441136
groq:translation:hi22,groq,llama-3.3-70b-versatile,translation,Translation,hi22,"timeline,slang","Still ghosted by the portal after my interview, so I do not know if this is a soft reject.","इंटरव्यू के बाद भी पोर्टल से कोई जवाब नहीं आया, इसलिए समझ नहीं आ रहा कि यह छिपी हुई अस्वीकृति है या नहीं।","मेरे इंटरव्यू के बाद पोर्टल द्वारा मुझे अभी भी अनदेखा किया जा रहा है, इसलिए मुझे नहीं पता कि यह एक सॉफ्ट रिजेक्ट है या नहीं।",0.5004031152496022,0.99070226769639
groq:translation:hi23,groq,llama-3.3-70b-versatile,translation,Translation,hi23,"named_entity,research_fit","My undergrad is from a lesser-known college, but my lab work aligns closely with CMU faculty.","मेरा स्नातक एक कम-ज्ञात कॉलेज से है, लेकिन मेरा लैब कार्य CMU की फैकल्टी के शोध से काफी मेल खाता है।","मेरी अंडरग्रेजुएट डिग्री एक कम जाने जाने वाले कॉलेज से है, लेकिन मेरा लैब का काम सीएमयू के फैकल्टी के साथ बहुत करीब से मेल खाता है।",0.5795574423991665,0.9934585697278587
groq:translation:hi24,groq,llama-3.3-70b-versatile,translation,Translation,hi24,"email,documents","I do not want to sound desperate, but the portal still shows my SOP as missing.","मैं बहुत उतावला नहीं लगना चाहता, लेकिन पोर्टल अभी भी मेरा SOP गायब दिखा रहा है।","मैं हताश दिखना नहीं चाहता, लेकिन पोर्टल अभी भी मेरी SOP को गुम हुई दिखा रहा है।",0.6533497801805042,0.994893265203134
gemini:translation:hi01,gemini,gemini-2.5-flash,translation,Translation,hi01,"admit,named_entity","I got an admit from NYU for MSCS, but the cost is scary.","मुझे MSCS के लिए NYU से प्रवेश मिला है, लेकिन खर्च डराने वाला है।",मेरा NYU से MSCS के लिए एडमिशन हो,0.3353788917110277,0.990199694460951
gemini:translation:hi02,gemini,gemini-2.5-flash,translation,Translation,hi02,"rejection,emotion",Three rejections in one week made me question whether I belong in grad school.,एक ही हफ्ते में तीन अस्वीकृतियों ने मुझे यह सोचने पर मजबूर कर दिया कि क्या मैं ग्रैड स्कूल के लायक हूं।,एक हफ़्ते में तीन रि,0.15227648947748382,0.9849734561248504
gemini:translation:hi03,gemini,gemini-2.5-flash,translation,Translation,hi03,"code_mixed,slang","Is this profile too mid for top CS PhD programs, or am I overthinking?","क्या यह प्रोफाइल शीर्ष CS PhD कार्यक्रमों के लिए बहुत औसत है, या मैं जरूरत से ज्यादा सोच रहा हूं?",क्या यह प्रोफाइल टॉप CS PhD प्रोग्राम्स के,0.28304791976936866,0.9897541779061774
gemini:translation:hi04,gemini,gemini-2.5-flash,translation,Translation,hi04,documents,My recommender uploaded the LoR after the deadline; should I email the department?,मेरे सिफारिशकर्ता ने समय-सीमा के बाद LoR अपलोड किया; क्या मुझे विभाग को ईमेल करना चाहिए?,मेरा रिकमेंडर ने डेडलाइन के बाद Lo,0.17583536635237695,0.9854165980697517
gemini:translation:hi05,gemini,gemini-2.5-flash,translation,Translation,hi05,interview,The PI asked me about my research fit and why I wanted that lab.,PI ने मुझसे मेरी शोध-फिट और यह पूछा कि मैं उसी लैब में क्यों जाना चाहता हूं।,PI ने मुझसे मेरे रिसर्च फिट और उस,0.2969120464369638,0.9885030493617999
gemini:translation:hi06,gemini,gemini-2.5-flash,translation,Translation,hi06,funding,"An unfunded master's offer is tempting, but taking huge debt feels risky.","बिना फंडिंग वाला मास्टर्स ऑफर आकर्षक है, लेकिन बहुत बड़ा कर्ज लेना जोखिम भरा लगता है।",अनफंडेड मास्टर्स का ऑफर लु,0.17664792287923553,0.9854473511215596
gemini:translation:hi07,gemini,gemini-2.5-flash,translation,Translation,hi07,"named_entity,choice",Should I choose Purdue with partial funding or USC with better location but higher tuition?,क्या मुझे आंशिक फंडिंग वाले Purdue को चुनना चाहिए या बेहतर स्थान लेकिन अधिक ट्यूशन वाले USC को?,क्या मुझे पार्शियल फंडिंग के साथ Purdue चुनना चाहिए,0.37893831339694206,0.9885781618156129
gemini:translation:hi08,gemini,gemini-2.5-flash,translation,Translation,hi08,"gradcafe,slang",GradCafe is stressing me out because everyone seems to have heard back already.,GradCafe मुझे तनाव दे रहा है क्योंकि ऐसा लगता है कि बाकी सबको पहले ही जवाब मिल चुका है।,GradCafe मुझे तनाव दे रहा है क्योंकि ऐसा लग रहा,0.5387694200662119,0.9935159243280538
gemini:translation:hi09,gemini,gemini-2.5-flash,translation,Translation,hi09,profile_review,"Profile review: 3.4 GPA, two research projects, no publications, applying to HCI programs.","प्रोफाइल समीक्षा: 3.4 GPA, दो शोध परियोजनाएं, कोई प्रकाशन नहीं, HCI कार्यक्रमों में आवेदन कर रहा हूं।",प्रोफ़ाइल रिव्यू: 3.,0.09926038995915328,0.9832244735274897
gemini:translation:hi10,gemini,gemini-2.5-flash,translation,Translation,hi10,waitlist,I was waitlisted by my top choice and do not know whether to accept another offer.,मेरी पहली पसंद ने मुझे वेटलिस्ट कर दिया है और मुझे नहीं पता कि कोई दूसरा ऑफर स्वीकार करूं या नहीं।,मुझे मेरी सबसे पसंदीदा यूनिवर्सिटी ने वेटलिस्ट कर दिया है,0.3727514450447558,0.9905325429349554
gemini:translation:hi11,gemini,gemini-2.5-flash,translation,Translation,hi11,"code_mixed,emotion",Got the W today: funded PhD admit after months of doom-scrolling.,आज जीत मिल गई: महीनों तक चिंता में स्क्रॉल करने के बाद फंडेड PhD प्रवेश मिला।,आज जीत मिली: महीनों की डूम-,0.23895083890740906,0.9903179884244091
gemini:translation:hi12,gemini,gemini-2.5-flash,translation,Translation,hi12,sop,My SOP sounds too generic; how do I make it show fit without name-dropping faculty?,मेरा SOP बहुत सामान्य लग रहा है; फैकल्टी के नाम गिनाए बिना मैं उसमें फिट कैसे दिखाऊं?,मेरा SOP बहुत जेनरिक लग रहा है; मैं इसे,0.34339847099131265,0.9917890211254793
gemini:translation:hi13,gemini,gemini-2.5-flash,translation,Translation,hi13,"international,visa","As an international student, I am worried about visa timing and proving finances.",एक अंतरराष्ट्रीय छात्र के रूप में मुझे वीजा के समय और वित्तीय प्रमाण दिखाने की चिंता है।,"एक अंतरराष्ट्रीय छात्र के तौर पर, मुझे वीज़ा की",0.4313186669057589,0.991863263039573
gemini:translation:hi14,gemini,gemini-2.5-flash,translation,Translation,hi14,"named_entity,deadline",UMich says my transcript is missing even though the portal showed it as received last week.,"UMich कह रहा है कि मेरी ट्रांसक्रिप्ट गायब है, जबकि पोर्टल ने पिछले सप्ताह उसे प्राप्त दिखाया था।",UMich कह रहा है कि मेरा ट्रांस,0.3079909081582808,0.9912824113488599
gemini:translation:hi15,gemini,gemini-2.5-flash,translation,Translation,hi15,"slang,profile_review","Chance me for Fall 2026: strong research, weak GPA, and a very ambitious school list.","Fall 2026 के लिए मेरे अवसर बताइए: शोध मजबूत है, GPA कमजोर है, और स्कूलों की सूची बहुत महत्वाकांक्षी है।",फॉल 2026 के लिए मेरे,0.1839296281148195,0.9862100514250245
gemini:translation:hi16,gemini,gemini-2.5-flash,translation,Translation,hi16,"interview,email",Should I send a thank-you email after a 20-minute Zoom interview?,क्या मुझे 20 मिनट के Zoom इंटरव्यू के बाद धन्यवाद ईमेल भेजना चाहिए?,क्या मुझे 20 मिनट के ज़ूम,0.34610768345325016,0.9884723817580104
gemini:translation:hi17,gemini,gemini-2.5-flash,translation,Translation,hi17,"funding,assistantship",The department said TA assignments are not guaranteed until August.,विभाग ने कहा कि TA असाइनमेंट अगस्त तक गारंटीशुदा नहीं हैं।,विभाग ने कहा कि टीए असाइनमेंट,0.4524972643363556,0.988869179222839
gemini:translation:hi18,gemini,gemini-2.5-flash,translation,Translation,hi18,"named_entity,program",I am comparing Columbia Data Science with Georgia Tech OMSCS for career outcomes.,मैं करियर परिणामों के लिए Columbia Data Science और Georgia Tech OMSCS की तुलना कर रहा हूं।,मैं करियर के परिणामों के लिए Columbia Data Science,0.5555172389538066,0.9892350932879087
gemini:translation:hi19,gemini,gemini-2.5-flash,translation,Translation,hi19,"rejection,support",A rejection does not mean your profile is worthless; admissions are noisy and fit-dependent.,अस्वीकृति का मतलब यह नहीं कि आपकी प्रोफाइल बेकार है; प्रवेश प्रक्रिया अनिश्चित और फिट पर निर्भर होती है।,एक अस्वीकृति का मतलब यह नहीं है कि आपकी प्रो,0.39622864214327164,0.9912783057197262
gemini:translation:hi20,gemini,gemini-2.5-flash,translation,Translation,hi20,"code_mixed,slang","The portal still says awaiting decision, so I am trying not to spiral.","पोर्टल अभी भी 'निर्णय प्रतीक्षित' दिखा रहा है, इसलिए मैं कोशिश कर रहा हूं कि घबराहट में न फंसूं।",पोर्टल पर अभी भी 'निर्णय प्रती,0.29683090612736385,0.9871733256260494
gemini:translation:hi21,gemini,gemini-2.5-flash,translation,Translation,hi21,"assistantship,slang","No TA, no scholarship, just vibes and a massive tuition bill.","न TA है, न छात्रवृत्ति, बस भरोसा है और बहुत भारी ट्यूशन बिल है।","कोई TA नहीं, कोई scholarship नहीं,",0.07670016126025245,0.9901409326012529
gemini:translation:hi22,gemini,gemini-2.5-flash,translation,Translation,hi22,"timeline,slang","Still ghosted by the portal after my interview, so I do not know if this is a soft reject.","इंटरव्यू के बाद भी पोर्टल से कोई जवाब नहीं आया, इसलिए समझ नहीं आ रहा कि यह छिपी हुई अस्वीकृति है या नहीं।",इंटरव्यू के बाद भी पोर्टल की तरफ,0.2867593761233283,0.984888554311906
gemini:translation:hi23,gemini,gemini-2.5-flash,translation,Translation,hi23,"named_entity,research_fit","My undergrad is from a lesser-known college, but my lab work aligns closely with CMU faculty.","मेरा स्नातक एक कम-ज्ञात कॉलेज से है, लेकिन मेरा लैब कार्य CMU की फैकल्टी के शोध से काफी मेल खाता है।",मेरी ग्रेजुएशन एक कम जाने-माने कॉलेज से हुई है,0.2026074902779314,0.9883579080287974
gemini:translation:hi24,gemini,gemini-2.5-flash,translation,Translation,hi24,"email,documents","I do not want to sound desperate, but the portal still shows my SOP as missing.","मैं बहुत उतावला नहीं लगना चाहता, लेकिन पोर्टल अभी भी मेरा SOP गायब दिखा रहा है।",मैं हताश नहीं दिखना चाहता/,0.20352155826479992,0.9874434004324281
groq:cross_lingual_qa:hqa01,groq,llama-3.3-70b-versatile,cross_lingual_qa,Cross-lingual QA,hqa01,community,इस कॉर्पस में r/gradadmissions का मुख्य विषय क्या है?,"यह कॉर्पस मुख्य रूप से ग्रेजुएट प्रवेश से जुड़ा है। इसमें PhD और मास्टर्स आवेदन, प्रोफाइल, प्रोग्राम चयन, इंटरव्यू, निर्णय, फंडिंग, रिजेक्शन, वेटलिस्ट और आवेदन सामग्री पर चर्चा होती है।","इस कॉर्पस में r/gradadmissions का मुख्य विषय स्नातक प्रवेश से संबंधित है, जिसमें विभिन्न विषयों जैसे कि MSCS, PhD, और ग्रेजुएट स्कूल में प्रवेश से संबंधित चर्चाएं शामिल हैं। इसमें आवेदन प्रक्रिया, प्रवेश निर्णय, और आवेदकों के अनुभवों पर चर्चा की जाती है। इसके अलावा, यहाँ पर आवेदकों को समर्थन और मार्गदर्शन प्रदान करने के लिए एक समुदाय के रूप में कार्य करता है, जिसमें वे अपने अनुभवों और ज्ञान को साझा कर सकते हैं।",0.3994726875946362,0.9878975066660894
groq:cross_lingual_qa:hqa02,groq,llama-3.3-70b-versatile,cross_lingual_qa,Cross-lingual QA,hqa02,documents,उपयोगकर्ता सबसे अधिक किन आवेदन दस्तावेजों के बारे में पूछते हैं?,"उपयोगकर्ता अक्सर SOP या personal statement, recommendation letters, CV या resume, transcripts, GRE या GPA और अन्य आवेदन सामग्री के बारे में पूछते हैं।","उपयोगकर्ता सबसे अधिक स्टेटमेंट ऑफ प्रपोज़ल (SOP), लेटर्स ऑफ रिकमेंडेशन (LoR), और रिज्यूमे या सीवी के बारे में पूछते हैं। वे अक्सर अपने ग्रेजुएट स्कूल एप्लिकेशन के लिए इन दस्तावेजों को कैसे तैयार करें और उनमें क्या शामिल करें, इसके बारे में जानकारी चाहते हैं। इसके अलावा, वे अपने ग्रेड पॉइंट एवरेज (GPA) को बेहतर बनाने और अपने रिसर्च एक्सपीरियंस को बढ़ाने के तरीकों के बारे में भी पूछते हैं। उपयोगकर्ता अक्सर अपने एप्लिकेशन को मजबूत बनाने के लिए टेस्ट स्कोर जैसे कि GRE और TOEFL के बारे में भी पूछते हैं।",0.24993304992341117,0.9865547222237614
groq:cross_lingual_qa:hqa03,groq,llama-3.3-70b-versatile,cross_lingual_qa,Cross-lingual QA,hqa03,gradcafe,इन चर्चाओं में GradCafe का उपयोग किस लिए बताया जाता है?,"GradCafe को आमतौर पर प्रवेश निर्णय, इंटरव्यू रिपोर्ट, रिजेक्शन, acceptance और समय-रेखा देखने के लिए उपयोगी माना जाता है, हालांकि लोग यह भी कहते हैं कि इससे चिंता बढ़ सकती है।","इन चर्चाओं में GradCafe का उपयोग तनाव और चिंता को कम करने के लिए बताया जाता है, खासकर ग्रेजुएट स्कूल में प्रवेश संबंधी निर्णयों की प्रतीक्षा के दौरान। यहाँ पर लोग अपने अनुभवों और चिंताओं को साझा कर रहे हैं, जैसे कि साक्षात्कार के निर्णयों की प्रतीक्षा और अस्वीकृति की संभावना। हालांकि, संदर्भ में स्पष्ट रूप से GradCafe के उपयोग के बारे में जानकारी नहीं दी गई है, लेकिन यह अनुमान लगाया जा सकता है कि यह एक मंच है जहां लोग अपने अनुभवों और चिंताओं को साझा करते हैं।",0.3458843388264218,0.9866754483722483
groq:cross_lingual_qa:hqa04,groq,llama-3.3-70b-versatile,cross_lingual_qa,Cross-lingual QA,hqa04,profile_review,प्रोफाइल समीक्षा वाले पोस्ट में आम तौर पर कौन-कौन सी जानकारियां होती हैं?,"ऐसे पोस्ट में सामान्यतः GPA, शोध अनुभव, परियोजनाएं या प्रकाशन, recommendation letters की ताकत, लक्षित क्षेत्र, डिग्री का लक्ष्य और विश्वविद्यालयों की सूची होती है।","प्रोफाइल समीक्षा वाले पोस्ट में आम तौर पर निम्नलिखित जानकारियां होती हैं:

* शोध अनुभव और प्रकाशन
* अकादमिक रिकॉर्ड, जैसे कि जीपीए (GPA)
* शोध हित और लक्ष्य
* विश्वविद्यालयों की पसंद और उनकी चयनात्मकता
* प्रोफेसरों के साथ सहयोग और अनुसंधान अनुभव
* विभिन्न क्षेत्रों में अनुभव, जैसे कि ऑपरेशन और सप्लाई चेन प्रबंधन

हालांकि, दिए गए संदर्भ में प्रोफाइल समीक्षा के विशिष्ट विवरण नहीं हैं, इसलिए यह जानकारी सीमित है। अधिक विस्तृत जानकारी के लिए, अधिक संदर्भ की आवश्यकता होगी।",0.35943621097413364,0.9872551308871358
groq:cross_lingual_qa:hqa05,groq,llama-3.3-70b-versatile,cross_lingual_qa,Cross-lingual QA,hqa05,timeline,सबरेडिट में प्रवेश चक्र के कौन-कौन से चरण दिखाई देते हैं?,"यहां आवेदन की तैयारी, सामग्री जमा करना, इंटरव्यू, निर्णय का इंतजार, acceptance, rejection, वेटलिस्ट, फंडिंग ऑफर और अंतिम चयन जैसे कई चरण दिखाई देते हैं।","सबरेडिट में प्रवेश चक्र के कई चरण दिखाई देते हैं, जिनमें से कुछ इस प्रकार हैं:

1. **स्वीकृति और प्रतीक्षा सूची**: विश्वविद्यालय स्वीकृति पत्र, प्रतीक्षा सूची और अस्वीकृति पत्र भेजते हैं।
2. **निधि की कमी**: निधि की कमी के कारण, विश्वविद्यालय स्वीकृति पत्र भेजने से पहले प्रतीक्षा कर सकते हैं और दूसरे दौर की स्वीकृति पत्र भेजने से पहले अप्रैल तक प्रतीक्षा कर सकते हैं।
3. **स्वीकृति पत्र और प्रतीक्षा सूची की समयसीमा**: स्वीकृति पत्र और प्रतीक्षा सूची की समयसीमा फरवरी से मार्च तक हो सकती है, और दूसरे दौर की स्व",0.22485106881289285,0.9826732451306182
groq:cross_lingual_qa:hqa06,groq,llama-3.3-70b-versatile,cross_lingual_qa,Cross-lingual QA,hqa06,"phd,research_fit",उपयोगकर्ताओं के अनुसार PhD प्रवेश में सबसे अधिक क्या मायने रखता है?,"उपयोगकर्ता प्रायः research fit, पूर्व शोध अनुभव, मजबूत recommendation letters और साफ-सुथले उद्देश्य वक्तव्य को सबसे महत्वपूर्ण मानते हैं। GPA महत्वपूर्ण है, लेकिन उसे अक्सर पूरे प्रोफाइल के एक हिस्से के रूप में देखा जाता है।","उपयोगकर्ताओं के अनुसार, PhD प्रवेश में सबसे अधिक मायने रखने वाली चीज़ GPA है, लेकिन यह जरूरी नहीं है कि यह एकमात्र महत्वपूर्ण कारक है। उपयोगकर्ताओं का मानना है कि एक मजबूत अनुसंधान प्रोफाइल और एक अच्छा कवरिंग पत्र भी महत्वपूर्ण भूमिका निभा सकते हैं। इसके अलावा, उपयोगकर्ताओं का यह भी मानना है कि प्रासंगिक कक्षाओं में ग्रेड अधिक महत्वपूर्ण होते हैं और एक कम GPA को अनुसंधान कार्य और नेटवर्किंग द्वारा पूरा किया जा सकता है। हालांकि, यह ध्यान रखना महत्वपूर्ण है कि प्रत्येक उपयोगकर्ता की राय अलग-अलग हो सकती है और यह जरूरी नहीं है कि सभ",0.3556351091041723,0.9871770232090307
groq:cross_lingual_qa:hqa07,groq,llama-3.3-70b-versatile,cross_lingual_qa,Cross-lingual QA,hqa07,low_gpa,कम GPA वाले आवेदनों के बारे में यहां कैसी राय मिलती है?,"राय मिश्रित है। लोग मानते हैं कि कम GPA नुकसान पहुंचा सकता है, लेकिन शोध अनुभव, मजबूत पत्र, संदर्भ की व्याख्या और वास्तविक स्कूल सूची से उसकी कुछ भरपाई की जा सकती है।","कम GPA वाले आवेदनों के बारे में यहां की राय यह है कि यदि आपके पास मजबूत प्रकाशन और अनुसंधान अनुभव है, तो आपका कम GPA आपके आवेदन को प्रभावित नहीं करेगा। कई लोगों का मानना है कि PhD कार्यक्रमों में अनुसंधान फिट और प्रकाशन अधिक महत्वपूर्ण होते हैं बजाय GPA के। हालांकि, यह भी कहा गया है कि यदि आपका GPA बहुत कम है, तो यह आपके आवेदन को प्रभावित कर सकता है, खासकर यदि आप शीर्ष विश्वविद्यालयों में आवेदन कर रहे हैं।

एक टिप्पणी में कहा गया है कि यदि आपके पास मजबूत प्रकाशन और अनुसंधान अनुभव है, तो आप कम GPA के साथ भी आवेदन कर सकते हैं। एक अन्य टिप्पणी में कहा गया ह",0.2696151983422483,0.9861844298096333
groq:cross_lingual_qa:hqa08,groq,llama-3.3-70b-versatile,cross_lingual_qa,Cross-lingual QA,hqa08,interview,ग्रेजुएट इंटरव्यू के लिए लोग क्या सलाह देते हैं?,"लोग सलाह देते हैं कि अपने शोध रुचि को स्पष्ट रखें, पिछली परियोजनाओं पर आत्मविश्वास से बात करें, faculty या lab fit समझाएं और इंटरव्यू को दो-तरफा fit check की तरह लें।","ग्रेजुएट इंटरव्यू के लिए लोग कई तरह की सलाह देते हैं। सबसे पहले, यह सलाह दी जाती है कि आप अपने शोध हितों पर ध्यान केंद्रित रखें और प्रोफेसर के साथ अपने शोध के बारे में चर्चा करें। आप पूछ सकते हैं कि उनकी प्रयोगशाला किस दिशा में जा रही है, और आपके लिए PhD थीसिस के लिए किस तरह के शोध परियोजनाएं हो सकती हैं।

इसके अलावा, यह सलाह दी जाती है कि आप अपने शोध के बारे में पूछने के बजाय, प्रोफेसर से उनके शोध के बारे में पूछें। आप पूछ सकते हैं कि वे किस तरह के शोध परियोजनाओं पर काम कर रहे हैं, और उनके शोध के परिणाम क्या हो सकते",0.3272663206079757,0.9855312512488289
groq:cross_lingual_qa:hqa09,groq,llama-3.3-70b-versatile,cross_lingual_qa,Cross-lingual QA,hqa09,funding,बहुत महंगे या बिना फंडिंग वाले ऑफरों के बारे में क्या सोच दिखती है?,"अधिकांश उपयोगकर्ता ऐसे ऑफरों के प्रति सावधान रहते हैं। वे कर्ज, return on investment, assistantship, scholarship और सस्ते funded विकल्पों की तुलना करने की सलाह देते हैं।","बहुत महंगे या बिना फंडिंग वाले ऑफरों के बारे में विचार करने पर यह देखा जा सकता है कि कई छात्रों को लगता है कि यह ऑफर्स स्वीकार करना उचित नहीं है, खासकर जब उन्हें बहुत अधिक कर्ज लेना पड़े। कुछ छात्रों का मानना है कि यदि वे अपनी शिक्षा के लिए बहुत अधिक पैसा खर्च करते हैं, तो यह उनके भविष्य के लिए हानिकारक हो सकता है।

कुछ छात्रों ने सुझाव दिया है कि यदि आपको कोई ऑफर मिला है जिसमें पर्याप्त फंडिंग नहीं है, तो आप विश्वविद्यालय से संपर्क करके अपने वित्तीय सहायता पैकेज को फिर से विचार करने के लिए कह सकते हैं। इसके अलाव",0.21031101882662573,0.9855895711048945
groq:cross_lingual_qa:hqa10,groq,llama-3.3-70b-versatile,cross_lingual_qa,Cross-lingual QA,hqa10,emotion,रिजेक्शन या लंबे इंतजार के भावनात्मक अनुभव को लोग कैसे बताते हैं?,"लोग चिंता, अनिश्चितता, निराशा और आत्म-संदेह की बात करते हैं। जवाब देने वाले अक्सर याद दिलाते हैं कि रिजेक्शन व्यक्तिगत मूल्य का फैसला नहीं है और बाकी विकल्पों पर ध्यान देना चाहिए।","रिजेक्शन या लंबे इंतजार के भावनात्मक अनुभव को लोग विभिन्न तरीकों से बताते हैं। कुछ लोग आत्म-संदेह और अपराधबोध की भावना का अनुभव करते हैं, जैसे कि उन्हें लगता है कि वे अपने साथियों की तुलना में बेहतर नहीं हैं। अन्य लोगों को लगता है कि इंतजार की अवधि रिजेक्शन से अधिक कठिन है, और वे चाहते हैं कि स्कूल तुरंत अपने निर्णय की घोषणा करें।

कुछ लोगों को लगता है कि वे अपने लक्ष्यों को प्राप्त करने में असमर्थ हैं, और वे निराशा की भावना का अनुभव करते हैं। लेकिन अन्य लोगों का मानना है कि निराशा जीवन का एक हिस्सा है, और वे",0.3356333329334205,0.9880162877513825
groq:cross_lingual_qa:hqa11,groq,llama-3.3-70b-versatile,cross_lingual_qa,Cross-lingual QA,hqa11,international,अंतरराष्ट्रीय आवेदकों की मुख्य चिंताएं क्या होती हैं?,"अंतरराष्ट्रीय आवेदक फंडिंग, वीजा समय-सीमा, खर्च, विभागीय संचार और उनकी डिग्री या GPA के मूल्यांकन को लेकर चिंता जताते हैं।","अंतरराष्ट्रीय आवेदकों की मुख्य चिंताएं कई हो सकती हैं, लेकिन संदर्भ से यह स्पष्ट होता है कि उन्हें अक्सर ब्यूरोक्रेसी और प्रशासनिक प्रक्रियाओं से जुड़ी समस्याओं का सामना करना पड़ता है। जैसे कि एक आवेदक ने जापान में एक PhD कार्यक्रम के लिए आवेदन किया था और उन्हें पेपर मेल के माध्यम से सभी दस्तावेज़ भेजने के लिए कहा गया था, जिसमें उनके पिछले आवेदन से संबंधित जानकारी भी शामिल थी।

इसके अलावा, अंतरराष्ट्रीय छात्रों को अक्सर वीज़ा संबंधी मुद्दों और वित्तीय सहायता की कमी का सामना करना पड़ता है। एक प्रोफेसर ने उल्लेख क",0.27148209856878824,0.9846280027608859
groq:cross_lingual_qa:hqa12,groq,llama-3.3-70b-versatile,cross_lingual_qa,Cross-lingual QA,hqa12,"email,professors",आवेदन से पहले प्रोफेसरों को ईमेल करने के बारे में क्या राय है?,"राय यह है कि यह क्षेत्र और प्रोग्राम पर निर्भर करता है। PhD या शोध-आधारित आवेदन में संक्षिप्त, विशिष्ट और fit-आधारित ईमेल उपयोगी हो सकता है, लेकिन यह हमेशा आवश्यक नहीं है।","आवेदन से पहले प्रोफेसरों को ईमेल करने के बारे में विभिन्न राय हैं। कुछ लोगों का मानना है कि यदि आप उन्हें ईमेल करना चाहते हैं, तो आवेदन से पहले यह बेहतर होगा ताकि आप अपनी रुचि और अनुसंधान के फिट को दिखा सकें। हालांकि, यह भी कहा गया है कि यदि प्रोफेसर विशेष रूप से कहते हैं कि उनसे संपर्क न करें, तो उनके निर्देशों का पालन करना चाहिए। यह विभाग और क्षेत्र पर निर्भर करता है कि क्या प्रोफेसरों से संपर्क करना आवश्यक है या नहीं।

कुछ लोगों का सुझाव है कि ईमेल के माध्यम से प्रोफेसरों से संपर्क करना अच्छा है, ल",0.34908607413874415,0.9850082391103153
groq:cross_lingual_qa:hqa13,groq,llama-3.3-70b-versatile,cross_lingual_qa,Cross-lingual QA,hqa13,mscs,MSCS या मास्टर्स प्रोग्राम चुनते समय लोग किन बातों की तुलना करते हैं?,"लोग विश्वविद्यालय की प्रतिष्ठा, कोर्स फिट, लागत, शहर, नौकरी के अवसर, scholarship की संभावना और कुल मूल्य को देखकर तुलना करते हैं।","MSCS या मास्टर्स प्रोग्राम चुनते समय लोग कई बातों की तुलना करते हैं, जैसे कि स्कूल की प्रतिष्ठा, फाइनेंशियल एड, स्थान, और नेटवर्किंग के अवसर। वे यह भी देखते हैं कि कौन सा प्रोग्राम उनके करियर के लक्ष्यों को पूरा करने में मदद कर सकता है, जैसे कि रिसर्च या टेक इंडस्ट्री में जाने के लिए। इसके अलावा, वे यह भी विचार करते हैं कि कौन सा प्रोग्राम उनके लिए आर्थिक रूप से व्यावहारिक है, जैसे कि फेलोशिप, स्कॉलरशिप, या ट्यूशन फीस कवर करने के लिए। 

कुछ लोगों का मानना है कि प्रतिष्ठित स्कूलों में जाने",0.28236523043234624,0.9873750742157801
groq:cross_lingual_qa:hqa14,groq,llama-3.3-70b-versatile,cross_lingual_qa,Cross-lingual QA,hqa14,letters,इन चर्चाओं में recommendation letters की क्या भूमिका मानी जाती है?,Recommendation letters को खासकर PhD प्रवेश में बहुत महत्वपूर्ण माना जाता है। लोग इस पर चर्चा करते हैं कि recommender उन्हें कितनी अच्छी तरह जानता है और पत्र कितना मजबूत या सामान्य हो सकता है।,"इन चर्चाओं में रिकमेंडेशन लेटर्स की भूमिका बहुत महत्वपूर्ण मानी जाती है। एक मजबूत रिकमेंडेशन लेटर आपके ग्रेजुएट स्कूल के आवेदन को मजबूत बना सकता है। यह लेटर आपके प्रोफेसर या अन्य उच्च अधिकारियों द्वारा लिखा जाता है जो आपकी क्षमताओं, मूलता, संचार कौशल, और अनुशासन जैसे विभिन्न पहलुओं पर आपकी प्रतिभा का मूल्यांकन करते हैं।

एक मजबूत रिकमेंडेशन लेटर में विशिष्ट उदाहरण होने चाहिए जो दिखाते हैं कि लेखक आपको अच्छी तरह से जानता है और आपकी क्षमताओं को समझता है। यह लेटर आपके भविष्य के प्रदर्शन का एक विश्वसनीय पूर्वानुमान प्रदान कर सकता ह",0.36949422411475014,0.985105623901976
groq:cross_lingual_qa:hqa15,groq,llama-3.3-70b-versatile,cross_lingual_qa,Cross-lingual QA,hqa15,missing_materials,"अगर पोर्टल में कोई सामग्री गायब दिखे या देर से पहुंचे, तो लोग क्या सलाह देते हैं?",लोग आमतौर पर सलाह देते हैं कि पहले तथ्य जांचें और फिर विभाग को संक्षिप्त और विनम्र ईमेल भेजें। बिना वजह बार-बार मेल करने के बजाय स्पष्ट समस्या होने पर ही संपर्क करना बेहतर माना जाता है।,"पोर्टल में कोई सामग्री गायब दिखे या देर से पहुंचे, तो लोग सलाह देते हैं कि यदि आपने पहले से ही विभाग को सूचित कर दिया है कि आधिकारिक ट्रांसक्रिप्ट भेज दी गई है और देरी का कारण बता दिया है, तो फिर से ईमेल करने की जरूरत नहीं है। लेकिन अगर आपने ऐसा नहीं किया है, तो एक छोटा सा ईमेल भेजने में कोई नुकसान नहीं है, जैसे कि ""वे डाक में हैं! मैं देरी के लिए माफी चाहता हूं।"" इसके बाद, आपको फिर से जांच नहीं करनी चाहिए, जब तक कि आपका पोर्टल सामग्री प्राप्त होने के बाद एक उचित समय सीमा में अपडेट",0.36229932640487633,0.9856498208528227
groq:cross_lingual_qa:hqa16,groq,llama-3.3-70b-versatile,cross_lingual_qa,Cross-lingual QA,hqa16,multiple_admits,कई admissions मिलने पर अंतिम निर्णय कैसे लिया जाता है?,"अधिकतर लोग research fit, funding, tuition, advisor, location और career goals की तुलना करते हैं। केवल prestige देखकर निर्णय लेने से बचने की सलाह दी जाती है।","कई admissions मिलने पर अंतिम निर्णय लेने के लिए, आपको अपने लक्ष्यों और प्राथमिकताओं को ध्यान में रखना होगा। सबसे पहले, आपको सभी विकल्पों की तुलना करनी होगी और उनके फायदे और नुकसान का मूल्यांकन करना होगा। इसमें वित्तीय सहायता पैकेज, प्रोग्राम की गुणवत्ता, और संस्थान की प्रतिष्ठा जैसे कारक शामिल हो सकते हैं।

इसके अलावा, आपको अपने भविष्य के लक्ष्यों और आवश्यकताओं को भी ध्यान में रखना होगा। यदि आप एक विशिष्ट क्षेत्र में अपना करियर बनाना चाहते हैं, तो आपको उस क्षेत्र में विशेषज्ञता प्राप्त करने वाले प्रोग्राम को प्राथमिकता देनी होगी।

व",0.20926743333795847,0.9845890583575139
groq:cross_lingual_qa:hqa17,groq,llama-3.3-70b-versatile,cross_lingual_qa,Cross-lingual QA,hqa17,masters_to_phd,क्या लोग मास्टर्स को PhD की तैयारी के कदम के रूप में देखते हैं?,"कुछ उपयोगकर्ता मास्टर्स को PhD की तैयारी, शोध अनुभव बढ़ाने और प्रोफाइल मजबूत करने के एक रास्ते के रूप में देखते हैं, लेकिन यह सभी के लिए अनिवार्य कदम नहीं माना जाता।","प्रश्न का उत्तर देने के लिए पर्याप्त जानकारी उपलब्ध है। कई लोग मास्टर्स को PhD की तैयारी के कदम के रूप में देखते हैं। वे मास्टर्स कार्यक्रम के दौरान अनुसंधान अनुभव प्राप्त करने और अपने ज्ञान को गहरा करने का प्रयास करते हैं। इसके अलावा, वे अपने मास्टर्स कार्यक्रम के दौरान प्राप्त अनुभव को अपने PhD आवेदन में प्रदर्शित करने का प्रयास करते हैं।

उदाहरण के लिए, एक व्यक्ति ने अपने मास्टर्स कार्यक्रम के दौरान अनुसंधान अनुभव प्राप्त करने के लिए प्रयास किया और अपने अनुसंधान को अपने PhD आवेदन में प्रदर्शित किया। इसके अलावा, कुछ लोग मास्टर्स कार्यक्रम को एक पुल क",0.37492967723877696,0.9881711799726423
groq:cross_lingual_qa:hqa18,groq,llama-3.3-70b-versatile,cross_lingual_qa,Cross-lingual QA,hqa18,school_list,बहुत महत्वाकांक्षी school list के बारे में क्या राय मिलती है?,"लोग अक्सर सलाह देते हैं कि सूची संतुलित होनी चाहिए। केवल बहुत ऊंचे विकल्प रखने के बजाय safe, target और reach प्रोग्राम का मिश्रण बेहतर माना जाता है।","बहुत महत्वाकांक्षी स्कूल लिस्ट के बारे में राय मिलना एक सामान्य बात है, खासकर जब आप अपने लक्ष्यों को प्राप्त करने के लिए कड़ी मेहनत कर रहे हों। आपके प्रोफाइल को देखते हुए, आपको अपने लक्ष्यों को विभाजित करना चाहिए - अम्बिशियस, टार्गेट, और सेफ स्कूल्स। 

अम्बिशियस स्कूल्स वे हैं जो आपके लिए थोड़े मुश्किल हो सकते हैं, लेकिन आपके पास उनमें दाखिला पाने का मौका है। टार्गेट स्कूल्स वे हैं जहां आपके पास दाखिला पाने की अच्छी संभावना है, और सेफ स्कूल्स वे हैं जहां आपका दाखिला लगभग पक्का है। 

आपको अपने प्रोफाइल",0.23591655598938724,0.9824850142897008
groq:cross_lingual_qa:hqa19,groq,llama-3.3-70b-versatile,cross_lingual_qa,Cross-lingual QA,hqa19,absent,क्या इस कॉर्पस से हर उपयोगकर्ता की आधिकारिक चयन-प्रतिशत दर बताई जा सकती है?,"नहीं। यह जानकारी इस Reddit कॉर्पस में उपलब्ध नहीं है, इसलिए आधिकारिक चयन-प्रतिशत बताना संभव नहीं है।","इस कॉर्पस से हर उपयोगकर्ता की आधिकारिक चयन-प्रतिशत दर बताई नहीं जा सकती है। यहाँ दी गई जानकारी मुख्य रूप से ग्रेजुएट प्रवेश संबंधी समस्याओं, स्वीकृति और अस्वीकृति के बारे में चर्चा करती है, लेकिन इसमें विशिष्ट उपयोगकर्ताओं के लिए चयन-प्रतिशत दर के बारे में कोई विश्वसनीय या विस्तृत जानकारी नहीं है। इसलिए, उपलब्ध संदर्भ पर्याप्त नहीं है यह जानकारी प्रदान करने के लिए।",0.4476761651874167,0.9878246048511405
groq:cross_lingual_qa:hqa20,groq,llama-3.3-70b-versatile,cross_lingual_qa,Cross-lingual QA,hqa20,privacy,क्या इस कॉर्पस से किसी विशेष आवेदक की असली पहचान और उसके प्रवेश परिणाम की पुष्टि की जा सकती है?,"नहीं। इस कॉर्पस का उपयोग किसी वास्तविक व्यक्ति की पहचान निकालने के लिए नहीं किया जाना चाहिए, और उपलब्ध डेटा ऐसी पुष्टि के लिए पर्याप्त नहीं है।","इस कॉर्पस से किसी विशेष आवेदक की असली पहचान और उसके प्रवेश परिणाम की पुष्टि नहीं की जा सकती है। दिए गए संदर्भ में केवल सामान्य चर्चाएं और सलाह हैं, जो विशिष्ट आवेदकों के बारे में जानकारी प्रदान नहीं करती हैं। इसके अलावा, कुछ टिप्पणियों में गोपनीयता के बारे में चिंताएं व्यक्त की गई हैं, जो यह सुझाव देती हैं कि व्यक्तिगत जानकारी साझा नहीं की जाती है। इसलिए, यह निष्कर्ष निकाला जा सकता है कि इस कॉर्पस से किसी विशेष आवेदक की पहचान या प्रवेश परिणाम की पुष्टि नहीं की जा सकती है।",0.35392848733321347,0.9861533625101729
gemini:cross_lingual_qa:hqa01,gemini,gemini-2.5-flash,cross_lingual_qa,Cross-lingual QA,hqa01,community,इस कॉर्पस में r/gradadmissions का मुख्य विषय क्या है?,"यह कॉर्पस मुख्य रूप से ग्रेजुएट प्रवेश से जुड़ा है। इसमें PhD और मास्टर्स आवेदन, प्रोफाइल, प्रोग्राम चयन, इंटरव्यू, निर्णय, फंडिंग, रिजेक्शन, वेटलिस्ट और आवेदन सामग्री पर चर्चा होती है।",इस कॉर्पस में r/gradadmissions का,0.06452670452441296,0.9820910436939241
gemini:cross_lingual_qa:hqa02,gemini,gemini-2.5-flash,cross_lingual_qa,Cross-lingual QA,hqa02,documents,उपयोगकर्ता सबसे अधिक किन आवेदन दस्तावेजों के बारे में पूछते हैं?,"उपयोगकर्ता अक्सर SOP या personal statement, recommendation letters, CV या resume, transcripts, GRE या GPA और अन्य आवेदन सामग्री के बारे में पूछते हैं।",उपयोगकर्ता सबसे अधिक जिन आवेदन दस्तावेजों के बारे में,0.20672109807362868,0.9856443829173741
gemini:cross_lingual_qa:hqa03,gemini,gemini-2.5-flash,cross_lingual_qa,Cross-lingual QA,hqa03,gradcafe,इन चर्चाओं में GradCafe का उपयोग किस लिए बताया जाता है?,"GradCafe को आमतौर पर प्रवेश निर्णय, इंटरव्यू रिपोर्ट, रिजेक्शन, acceptance और समय-रेखा देखने के लिए उपयोगी माना जाता है, हालांकि लोग यह भी कहते हैं कि इससे चिंता बढ़ सकती है।","संदर्भ में GradCafe का उपयोग किस लिए बताया गया है, इसकी जानकारी अपर्याप्त है। संदर्भ केवल ""GradCafe से बचें"" (avoid GradCafe) की सलाह देता है।",0.2522745804885879,0.9840459845320093
gemini:cross_lingual_qa:hqa04,gemini,gemini-2.5-flash,cross_lingual_qa,Cross-lingual QA,hqa04,profile_review,प्रोफाइल समीक्षा वाले पोस्ट में आम तौर पर कौन-कौन सी जानकारियां होती हैं?,"ऐसे पोस्ट में सामान्यतः GPA, शोध अनुभव, परियोजनाएं या प्रकाशन, recommendation letters की ताकत, लक्षित क्षेत्र, डिग्री का लक्ष्य और विश्वविद्यालयों की सूची होती है।","संदर्भ के अनुसार, ""प्रोफाइल",0.050994730505539716,0.9836739455037923
gemini:cross_lingual_qa:hqa05,gemini,gemini-2.5-flash,cross_lingual_qa,Cross-lingual QA,hqa05,timeline,सबरेडिट में प्रवेश चक्र के कौन-कौन से चरण दिखाई देते हैं?,"यहां आवेदन की तैयारी, सामग्री जमा करना, इंटरव्यू, निर्णय का इंतजार, acceptance, rejection, वेटलिस्ट, फंडिंग ऑफर और अंतिम चयन जैसे कई चरण दिखाई देते हैं।",सबरेडिट में प्रवेश चक्र के,0.045391448491457875,0.9801980479707945
gemini:cross_lingual_qa:hqa06,gemini,gemini-2.5-flash,cross_lingual_qa,Cross-lingual QA,hqa06,"phd,research_fit",उपयोगकर्ताओं के अनुसार PhD प्रवेश में सबसे अधिक क्या मायने रखता है?,"उपयोगकर्ता प्रायः research fit, पूर्व शोध अनुभव, मजबूत recommendation letters और साफ-सुथले उद्देश्य वक्तव्य को सबसे महत्वपूर्ण मानते हैं। GPA महत्वपूर्ण है, लेकिन उसे अक्सर पूरे प्रोफाइल के एक हिस्से के रूप में देखा जाता है।","उपयोगकर्ताओं के अनुसार, PhD प्रवेश में कई बातें",0.10571799868434915,0.9854925512577902
gemini:cross_lingual_qa:hqa07,gemini,gemini-2.5-flash,cross_lingual_qa,Cross-lingual QA,hqa07,low_gpa,कम GPA वाले आवेदनों के बारे में यहां कैसी राय मिलती है?,"राय मिश्रित है। लोग मानते हैं कि कम GPA नुकसान पहुंचा सकता है, लेकिन शोध अनुभव, मजबूत पत्र, संदर्भ की व्याख्या और वास्तविक स्कूल सूची से उसकी कुछ भरपाई की जा सकती है।",कम GPA वाले आवेदनों के बारे में,0.07749684342600816,0.9836015418505942
gemini:cross_lingual_qa:hqa08,gemini,gemini-2.5-flash,cross_lingual_qa,Cross-lingual QA,hqa08,interview,ग्रेजुएट इंटरव्यू के लिए लोग क्या सलाह देते हैं?,"लोग सलाह देते हैं कि अपने शोध रुचि को स्पष्ट रखें, पिछली परियोजनाओं पर आत्मविश्वास से बात करें, faculty या lab fit समझाएं और इंटरव्यू को दो-तरफा fit check की तरह लें।",ग्रेजुएट इंटरव्यू के लिए लोग निम्नलिखित सलाह,0.13372279610915414,0.9820454740289021
gemini:cross_lingual_qa:hqa09,gemini,gemini-2.5-flash,cross_lingual_qa,Cross-lingual QA,hqa09,funding,बहुत महंगे या बिना फंडिंग वाले ऑफरों के बारे में क्या सोच दिखती है?,"अधिकांश उपयोगकर्ता ऐसे ऑफरों के प्रति सावधान रहते हैं। वे कर्ज, return on investment, assistantship, scholarship और सस्ते funded विकल्पों की तुलना करने की सलाह देते हैं।","संदर्भ के अनुसार, बहुत महंगे या बिना फंडिंग वाले",0.0694353719118946,0.985490628583588
gemini:cross_lingual_qa:hqa10,gemini,gemini-2.5-flash,cross_lingual_qa,Cross-lingual QA,hqa10,emotion,रिजेक्शन या लंबे इंतजार के भावनात्मक अनुभव को लोग कैसे बताते हैं?,"लोग चिंता, अनिश्चितता, निराशा और आत्म-संदेह की बात करते हैं। जवाब देने वाले अक्सर याद दिलाते हैं कि रिजेक्शन व्यक्तिगत मूल्य का फैसला नहीं है और बाकी विकल्पों पर ध्यान देना चाहिए।",लोग बताते हैं कि यह प्रक्रिया बहुत तनावपूर्ण होती है,0.13176158901102988,0.9867229869520527
gemini:cross_lingual_qa:hqa11,gemini,gemini-2.5-flash,cross_lingual_qa,Cross-lingual QA,hqa11,international,अंतरराष्ट्रीय आवेदकों की मुख्य चिंताएं क्या होती हैं?,"अंतरराष्ट्रीय आवेदक फंडिंग, वीजा समय-सीमा, खर्च, विभागीय संचार और उनकी डिग्री या GPA के मूल्यांकन को लेकर चिंता जताते हैं।",अंतरराष्ट्रीय आवेदकों की मुख्य चिंताएँ निम्नलिखित हैं,0.2537878112798649,0.9844646555767106
gemini:cross_lingual_qa:hqa12,gemini,gemini-2.5-flash,cross_lingual_qa,Cross-lingual QA,hqa12,"email,professors",आवेदन से पहले प्रोफेसरों को ईमेल करने के बारे में क्या राय है?,"राय यह है कि यह क्षेत्र और प्रोग्राम पर निर्भर करता है। PhD या शोध-आधारित आवेदन में संक्षिप्त, विशिष्ट और fit-आधारित ईमेल उपयोगी हो सकता है, लेकिन यह हमेशा आवश्यक नहीं है।",आवेदन से पहले प्रोफेसरों को ईमेल करने के बारे में,0.12667381019389565,0.9814094240214575
gemini:cross_lingual_qa:hqa13,gemini,gemini-2.5-flash,cross_lingual_qa,Cross-lingual QA,hqa13,mscs,MSCS या मास्टर्स प्रोग्राम चुनते समय लोग किन बातों की तुलना करते हैं?,"लोग विश्वविद्यालय की प्रतिष्ठा, कोर्स फिट, लागत, शहर, नौकरी के अवसर, scholarship की संभावना और कुल मूल्य को देखकर तुलना करते हैं।",MSCS या मास्टर्स प्रोग्राम चुनते समय,0.07750879027307798,0.9773329668648674
gemini:cross_lingual_qa:hqa14,gemini,gemini-2.5-flash,cross_lingual_qa,Cross-lingual QA,hqa14,letters,इन चर्चाओं में recommendation letters की क्या भूमिका मानी जाती है?,Recommendation letters को खासकर PhD प्रवेश में बहुत महत्वपूर्ण माना जाता है। लोग इस पर चर्चा करते हैं कि recommender उन्हें कितनी अच्छी तरह जानता है और पत्र कितना मजबूत या सामान्य हो सकता है।,"इन चर्चाओं के अनुसार, recommendation letters की",0.18501080498242958,0.983659676461168
gemini:cross_lingual_qa:hqa15,gemini,gemini-2.5-flash,cross_lingual_qa,Cross-lingual QA,hqa15,missing_materials,"अगर पोर्टल में कोई सामग्री गायब दिखे या देर से पहुंचे, तो लोग क्या सलाह देते हैं?",लोग आमतौर पर सलाह देते हैं कि पहले तथ्य जांचें और फिर विभाग को संक्षिप्त और विनम्र ईमेल भेजें। बिना वजह बार-बार मेल करने के बजाय स्पष्ट समस्या होने पर ही संपर्क करना बेहतर माना जाता है।,यदि पोर्टल में कोई सामग्री गायब दिखे या देर से पहुंचे,0.09372627341671207,0.9844124887381928
gemini:cross_lingual_qa:hqa16,gemini,gemini-2.5-flash,cross_lingual_qa,Cross-lingual QA,hqa16,multiple_admits,कई admissions मिलने पर अंतिम निर्णय कैसे लिया जाता है?,"अधिकतर लोग research fit, funding, tuition, advisor, location और career goals की तुलना करते हैं। केवल prestige देखकर निर्णय लेने से बचने की सलाह दी जाती है।","कई admissions मिलने पर अंतिम निर्णय लेने के लिए,",0.1429298967760567,0.9854634269251635
gemini:cross_lingual_qa:hqa17,gemini,gemini-2.5-flash,cross_lingual_qa,Cross-lingual QA,hqa17,masters_to_phd,क्या लोग मास्टर्स को PhD की तैयारी के कदम के रूप में देखते हैं?,"कुछ उपयोगकर्ता मास्टर्स को PhD की तैयारी, शोध अनुभव बढ़ाने और प्रोफाइल मजबूत करने के एक रास्ते के रूप में देखते हैं, लेकिन यह सभी के लिए अनिवार्य कदम नहीं माना जाता।","हाँ, संदर्भ से पता चलता है कि लोग मास्टर्स को PhD की तैयारी के कदम के रूप में देखते हैं।

एक उपयोगकर्ता ने स्पष्ट रूप से उल्लेख किया है कि वे अपने मास्टर्स (MPPM) को ""PhD के",0.4443123244830632,0.9897937480488421
gemini:cross_lingual_qa:hqa18,gemini,gemini-2.5-flash,cross_lingual_qa,Cross-lingual QA,hqa18,school_list,बहुत महत्वाकांक्षी school list के बारे में क्या राय मिलती है?,"लोग अक्सर सलाह देते हैं कि सूची संतुलित होनी चाहिए। केवल बहुत ऊंचे विकल्प रखने के बजाय safe, target और reach प्रोग्राम का मिश्रण बेहतर माना जाता है।","संदर्भ के अनुसार, एक महत्वाकांक्षी स्कूल सूची के",0.10962893274396822,0.985071441980638
gemini:cross_lingual_qa:hqa19,gemini,gemini-2.5-flash,cross_lingual_qa,Cross-lingual QA,hqa19,absent,क्या इस कॉर्पस से हर उपयोगकर्ता की आधिकारिक चयन-प्रतिशत दर बताई जा सकती है?,"नहीं। यह जानकारी इस Reddit कॉर्पस में उपलब्ध नहीं है, इसलिए आधिकारिक चयन-प्रतिशत बताना संभव नहीं है।",इस कॉर्पस से हर उपयोगकर्ता की आधिकारिक चयन-,0.25523301011814026,0.9881529792954789
gemini:cross_lingual_qa:hqa20,gemini,gemini-2.5-flash,cross_lingual_qa,Cross-lingual QA,hqa20,privacy,क्या इस कॉर्पस से किसी विशेष आवेदक की असली पहचान और उसके प्रवेश परिणाम की पुष्टि की जा सकती है?,"नहीं। इस कॉर्पस का उपयोग किसी वास्तविक व्यक्ति की पहचान निकालने के लिए नहीं किया जाना चाहिए, और उपलब्ध डेटा ऐसी पुष्टि के लिए पर्याप्त नहीं है।",इस कॉर्पस से किसी विशेष आवेदक,0.12738303916858779,0.9823960885615893
groq:summarization:hs01,groq,llama-3.3-70b-versatile,summarization,Summarisation,hs01,"phd,research_fit",PhD प्रवेश में research fit और profile strength पर चर्चा का 2-4 वाक्यों में हिंदी सार लिखिए।,"चर्चा में research fit को बहुत महत्व दिया गया है। उपयोगकर्ता मानते हैं कि शोध अनुभव, उपयुक्त faculty match और मजबूत recommendation letters मिलकर PhD आवेदन को अधिक विश्वसनीय बनाते हैं, जबकि GPA अकेला निर्णायक कारक नहीं होता।","पीएचडी प्रवेश में, रिसर्च फिट और प्रोफाइल स्ट्रेंथ दोनों महत्वपूर्ण हैं। एक मजबूत प्रोफाइल में रिसर्च अनुभव, प्रकाशन, और मजबूत एलओआर्स शामिल होते हैं, जो जीपीए की कमी को पूरा कर सकते हैं। मिटी और कैलटेक जैसे शीर्ष स्तर के स्कूलों में प्रवेश प्रतिस्पर्धी है, लेकिन एक व्यापक प्रोफाइल आपको अपने लक्ष्य सूची में एक मजबूत मौका देती है। रिसर्च फिट को ध्यान में रखकर, आपको अपने हितों के अनुसार प्रोफेसर और लैब का चयन करना चाहिए और एक मजबूत एसओपी और एलओआर्स तैयार करना चाहिए।",0.23824969583329556,0.9835993093331297
groq:summarization:hs02,groq,llama-3.3-70b-versatile,summarization,Summarisation,hs02,low_gpa,कम GPA वाले आवेदनों पर चर्चा का हिंदी सार लिखिए।,"कम GPA को चुनौती माना जाता है, लेकिन उपयोगकर्ता यह भी कहते हैं कि अच्छा शोध अनुभव, मजबूत letters और स्पष्ट संदर्भ स्थिति को बेहतर बना सकते हैं। कुल मिलाकर सलाह यह है कि प्रोफाइल के बाकी हिस्सों को मजबूत करके आवेदन को संतुलित बनाया जाए।","कम जीपीए वाले आवेदनों पर चर्चा में, यह सुझाव दिया गया है कि आवेदक अपने कम जीपीए के पीछे के कारणों को स्पष्ट रूप से समझाएं और बताएं कि उन्होंने सुधार के लिए क्या कदम उठाए हैं। कम जीपीए वाले छात्रों को अक्सर आवेदन प्रक्रिया में फिल्टर किया जा सकता है, लेकिन अच्छे शोध अनुभव और प्रकाशनों के साथ इसे संतुलित किया जा सकता है। जीपीए के अलावा, सिफारिश पत्र और शोध क्षमताएं भी महत्वपूर्ण भूमिका निभाती हैं।",0.36168017667444907,0.9871361661619511
groq:summarization:hs03,groq,llama-3.3-70b-versatile,summarization,Summarisation,hs03,sop,SOP और personal statement पर होने वाली चर्चा का हिंदी सार लिखिए।,"लोगों के अनुसार SOP को generic नहीं होना चाहिए। उसमें applicant का शोध या शैक्षणिक लक्ष्य, program fit और स्पष्ट motivation दिखना चाहिए, जबकि अनावश्यक नाम-गिनती या अस्पष्ट दावों से बचना बेहतर माना जाता है।","एसओपी (SOP) और पर्सनल स्टेटमेंट पर होने वाली चर्चा में यह बताया गया है कि पर्सनल स्टेटमेंट आपके व्यक्तिगत कारणों पर आधारित होता है जिसमें आप बताते हैं कि आप किस विषय का अध्ययन क्यों करना चाहते हैं। एसओपी में आपके कौशल और आपकी योग्यता के बारे में बताया जाता है जो आपको उस विशेष कार्यक्रम के लिए उपयुक्त बनाते हैं। कई छात्रों को एसओपी और पर्सनल स्टेटमेंट के बीच का अंतर समझने में परेशानी होती है, खासकर जब वे सोशल साइंसेज जैसे विषयों में आवेदन कर रहे होते हैं।",0.2135801318012282,0.9830408683022036
groq:summarization:hs04,groq,llama-3.3-70b-versatile,summarization,Summarisation,hs04,letters,recommendation letters पर चर्चा का हिंदी सार लिखिए।,"Recommendation letters को खासकर PhD आवेदन में एक प्रमुख कारक माना जाता है। उपयोगकर्ता मजबूत, व्यक्तिगत और विश्वसनीय letters को महत्व देते हैं, जबकि बहुत सामान्य पत्र प्रोफाइल को कमजोर कर सकते हैं।","ग्रेजुएट स्कूल में आवेदन के लिए रिकमेंडेशन लेटर की ताकत को लेकर चर्चा हो रही है। एक मजबूत रिकमेंडेशन लेटर में प्रोफेसर की योग्यता और लेटर की सामग्री दोनों का महत्व होता है। लेटर में व्यक्तिगत दृष्टिकोण और विशिष्ट उदाहरणों का समावेश होना चाहिए। ग्रेजुएट स्कूल के लिए आवेदन करते समय, विशेष रूप से कंप्यूटर साइंस में, रिकमेंडेशन लेटर की ताकत को बढ़ाने के लिए प्रोफेसर से पहले से ही चर्चा करना और अपना सीवी साझा करना मददगार हो सकता है।",0.2885926117766294,0.9825018007194335
groq:summarization:hs05,groq,llama-3.3-70b-versatile,summarization,Summarisation,hs05,"professors,email",आवेदन से पहले प्रोफेसरों को ईमेल करने पर चर्चा का हिंदी सार लिखिए।,"चर्चा में यह राय मिलती है कि प्रोफेसरों को ईमेल करना कुछ क्षेत्रों में उपयोगी हो सकता है, खासकर शोध-आधारित PhD आवेदन में। लेकिन ईमेल संक्षिप्त, विनम्र और वास्तविक research fit पर आधारित होना चाहिए; इसे हर जगह आवश्यक नहीं माना जाता।","आवेदन से पहले प्रोफेसरों को ईमेल करना एक अच्छा विचार हो सकता है, लेकिन यह ध्यान रखना महत्वपूर्ण है कि कुछ प्रोफेसर ईमेल न करने के लिए कह सकते हैं। यदि आप ईमेल भेजने का निर्णय लेते हैं, तो अपने शोध के हितों और अनुभव को स्पष्ट रूप से बताएं और अपना रिज्यूमे और ट्रांसक्रिप्ट संलग्न करें। कई प्रोफेसरों को ईमेल भेजना ठीक है, बशर्ते आप प्रत्येक को व्यक्तिगत रूप से लिखें और उनके शोध के साथ अपने काम के संरेखण को देखें।",0.34955468713735516,0.9874645225870868
groq:summarization:hs06,groq,llama-3.3-70b-versatile,summarization,Summarisation,hs06,interview,इंटरव्यू तैयारी और अनुभव पर चर्चा का हिंदी सार लिखिए।,"उपयोगकर्ता इंटरव्यू के लिए अपने शोध अनुभव को स्पष्ट रूप से समझाने, faculty fit बताने और सोच-समझकर सवाल पूछने की सलाह देते हैं। इंटरव्यू को केवल जांच नहीं, बल्कि mutual fit समझने की प्रक्रिया भी माना जाता है।","पीएचडी इंटरव्यू की तैयारी और अनुभव पर चर्चा में, कई छात्रों ने अपने अनुभव साझा किए हैं और सलाह दी है कि कैसे इंटरव्यू में सफल होने के लिए तैयारी की जाए। उन्होंने बताया है कि इंटरव्यू में अक्सर बुनियादी प्रश्न पूछे जाते हैं, जैसे कि क्यों आप इस प्रोग्राम में शामिल होना चाहते हैं और आपकी शोध रुचियां क्या हैं। इसके अलावा, उन्होंने सलाह दी है कि इंटरव्यू में प्रश्न पूछने के लिए तैयार रहना और अपने शोध के बारे में गहराई से बात करने के लिए तैयार रहना महत्वपूर्ण है। पीआई (प्रिंसिपल इन्वेस्टिगेटर) के स",0.3349529398291756,0.9867708869676477
groq:summarization:hs07,groq,llama-3.3-70b-versatile,summarization,Summarisation,hs07,"gradcafe,waiting",GradCafe और निर्णय का इंतजार करने से जुड़ी चर्चा का हिंदी सार लिखिए।,"GradCafe को निर्णयों की जानकारी पाने के लिए उपयोगी माना जाता है, लेकिन कई उपयोगकर्ताओं के लिए यह चिंता भी बढ़ाता है। लोग बार-बार अपडेट देखने से तनाव बढ़ने और अधूरी जानकारी के आधार पर अनुमान लगाने की समस्या का उल्लेख करते हैं।","ग्रेजुएट एडमिशन के लिए आवेदन करने वाले छात्रों को निर्णय का इंतजार करना पड़ रहा है, और वे अपने पोर्टल में कोई बदलाव नहीं देख पा रहे हैं। कुछ छात्रों ने GradCafe पर अपने अनुभव साझा किए हैं, जहां उन्होंने देखा है कि कुछ प्रोग्रामों में स्वीकृति और अस्वीकृति के निर्णय आ चुके हैं, लेकिन उनके अपने आवेदन का निर्णय अभी भी लंबित है। छात्रों को सलाह दी जा रही है कि वे अपने पोर्टल की जगह GradCafe पर ऐतिहासिक डेटा देखें ताकि वे अपने निर्णय की अपेक्षा कर सकें।",0.33253397186195194,0.986117637678932
groq:summarization:hs08,groq,llama-3.3-70b-versatile,summarization,Summarisation,hs08,rejection,रिजेक्शन और उससे निपटने पर चर्चा का हिंदी सार लिखिए।,"रिजेक्शन के बाद उपयोगकर्ता निराशा, आत्म-संदेह और थकान की बात करते हैं। जवाब देने वाले अक्सर यह समझाते हैं कि रिजेक्शन व्यक्ति की कीमत तय नहीं करता और बाकी विकल्पों या अगले चक्र पर ध्यान देना चाहिए।","रिजेक्शन के बाद खुद को नकारात्मक महसूस करना स्वाभाविक है, लेकिन यह जरूरी है कि हम अपने भावनाओं को स्वीकार करें और उन्हें महसूस करने दें। PhD की प्रवेश प्रक्रिया में असफलता के बाद, कई लोगों को मानसिक रूप से नीचे महसूस होता है, लेकिन यह जरूरी है कि हम अपने आप को याद दिलाएं कि यह एक असफलता नहीं है, बल्कि एक नई शुरुआत का अवसर है। हमें अपने आप को यह याद दिलाना चाहिए कि हमने अपना सर्वश्रेष्ठ प्रयास किया है और आगे भी हमें नए अवसर मिलेंगे।",0.29466502023630725,0.9863236367020065
groq:summarization:hs09,groq,llama-3.3-70b-versatile,summarization,Summarisation,hs09,waitlist,वेटलिस्ट और देर से आने वाले निर्णयों पर चर्चा का हिंदी सार लिखिए।,वेटलिस्ट की चर्चा में अनिश्चितता प्रमुख है। लोग यह समझने की कोशिश करते हैं कि दूसरी offer कब स्वीकार करनी चाहिए और वेटलिस्ट पर बने रहने का व्यावहारिक मतलब क्या है।,"वेटलिस्ट और देर से आने वाले निर्णयों पर चर्चा में यह कहा गया है कि देर से आने वाले निर्णयों के कारण वेटलिस्ट पर रहने वाले उम्मीदवारों को परेशानी होती है। कुछ लोगों का मानना है कि यदि आपके पास एक से अधिक ऑफर हैं, तो आपको उन स्कूलों को अस्वीकार करना चाहिए जिनमें आप जाने की योजना नहीं बना रहे हैं। अन्य लोगों का कहना है कि देर से आने वाले निर्णयों के कारण ऑफर वापस लिए जा सकते हैं, जैसा कि एक व्यक्ति के साथ पिछले साल हुआ था।",0.3737426386505263,0.9871296300708471
groq:summarization:hs10,groq,llama-3.3-70b-versatile,summarization,Summarisation,hs10,funding,"फंडिंग, assistantship और affordability पर चर्चा का हिंदी सार लिखिए।","फंडिंग को कई उपयोगकर्ता निर्णय का केंद्रीय हिस्सा मानते हैं। चर्चा में assistantship, scholarship, tuition burden और वास्तविक affordability की तुलना की जाती है, खासकर उन कार्यक्रमों में जहां लागत बहुत अधिक है।","फंडिंग, असिस्टेंटशिप और खर्च को लेकर छात्रों के बीच चर्चा हो रही है। कई छात्रों को स्कूल में असिस्टेंटशिप मिलने पर ट्यूशन और फीस में छूट मिल रही है, साथ ही उन्हें मासिक वजीफा भी मिल रहा है। RA और TA जैसे विकल्पों के माध्यम से फंडिंग की व्यवस्था की जा रही है, लेकिन यह स्कूल और विश्वविद्यालय के फंडिंग पर निर्भर करता है। छात्रों को सलाह दी जा रही है कि वे स्कूल की वेबसाइट पर जानकारी देखें और आवश्यकता होने पर प्रोग्राम डायरेक्टर से संपर्क करें।",0.24851685266200446,0.9859459941352395
groq:summarization:hs11,groq,llama-3.3-70b-versatile,summarization,Summarisation,hs11,unfunded_masters,बिना फंडिंग वाले मास्टर्स ऑफरों पर चर्चा का हिंदी सार लिखिए।,"बिना फंडिंग वाले मास्टर्स ऑफरों को लेकर बातचीत सावधान है। कई उपयोगकर्ता ऐसे ऑफरों की उपयोगिता को लागत, कर्ज और भविष्य के career payoff के संदर्भ में तौलने की सलाह देते हैं।","बिना फंडिंग वाले मास्टर्स ऑफरों पर चर्चा में लोगों का मानना है कि यदि यह वित्तीय रूप से संभव नहीं है, तो इसके लिए ऋण लेना उचित नहीं है। कुछ लोगों का कहना है कि यदि आपको एक अच्छा रिटर्न मिलने की उम्मीद है, तो यह निवेश करने योग्य हो सकता है, लेकिन अन्यथा यह ऋण लेने के लायक नहीं है। कुछ छात्रों ने ऑक्सफोर्ड जैसे प्रतिष्ठित संस्थानों से बिना फंडिंग वाले ऑफर को अस्वीकार कर दिया है और इसके बजाय यूरोपीय कार्यक्रमों या स्कॉलरशिप की तलाश में हैं।",0.35585414505650387,0.9869451214498869
groq:summarization:hs12,groq,llama-3.3-70b-versatile,summarization,Summarisation,hs12,masters_to_phd,मास्टर्स के बाद PhD करने की रणनीति पर चर्चा का हिंदी सार लिखिए।,कुछ लोगों के लिए मास्टर्स को PhD से पहले प्रोफाइल सुधारने और शोध अनुभव बढ़ाने का रास्ता माना जाता है। फिर भी यह धारणा सार्वभौमिक नहीं है और लोग लागत तथा उद्देश्य के आधार पर निर्णय लेने की सलाह देते हैं।,"मास्टर्स के बाद पीएचडी करने के लिए, छात्रों को अनुसंधान अनुभव प्राप्त करना और अपने चुने हुए क्षेत्र में प्रोफेसरों के साथ नेटवर्क बनाना महत्वपूर्ण है। मास्टर्स कार्यक्रम के दौरान अनुसंधान अनुभव प्राप्त करने से पीएचडी कार्यक्रमों में स्वीकृति की संभावना बढ़ सकती है। छात्रों को अपने मास्टर्स कार्यक्रम को पीएचडी की तैयारी के लिए एक पुल के रूप में उपयोग करने की योजना बनानी चाहिए और अनुसंधान अनुभव प्राप्त करने के लिए प्रयास करना चाहिए।",0.29827023190412144,0.9861717251102563
groq:summarization:hs13,groq,llama-3.3-70b-versatile,summarization,Summarisation,hs13,program_selection,प्रोग्राम चुनने के मानदंडों पर चर्चा का हिंदी सार लिखिए।,"प्रोग्राम चयन में fit, funding, location, advisor, reputation और career outcomes को साथ देखकर निर्णय लेने की बात की जाती है। चर्चा यह भी बताती है कि prestige अकेला पर्याप्त कारण नहीं होना चाहिए।","एमएस प्रोग्राम चुनने के लिए स्थान एक महत्वपूर्ण मानदंड है, जैसा कि यूवाश में देखा गया है जहां इंटर्नशिप और प्लेसमेंट के लिए स्थान का फायदा है। छात्र अपनी पसंद के कॉलेज में प्रवेश पाने के लिए विभिन्न कारकों पर विचार करते हैं, जैसे कि स्थान, पाठ्यक्रम, और लागत। साथ ही, कुछ छात्रों को लगता है कि प्रसिद्ध विश्वविद्यालयों जैसे कि कोलम्बिया और एनवाईयू के प्रोग्राम में भाग लेना फायदेमंद हो सकता है, भले ही वे उनके मुख्य व्यवसायिक पाठ्यक्रम न हों।",0.2113420352640506,0.9851658191432218
groq:summarization:hs14,groq,llama-3.3-70b-versatile,summarization,Summarisation,hs14,international,अंतरराष्ट्रीय आवेदकों की चिंताओं पर चर्चा का हिंदी सार लिखिए।,"अंतरराष्ट्रीय आवेदकों की चर्चा में वीजा, वित्तीय प्रमाण, फंडिंग और विदेशी डिग्री के मूल्यांकन की चिंता बार-बार आती है। लागत और समय-सीमा का दबाव उनकी निर्णय प्रक्रिया को और जटिल बनाता है।","अंतरराष्ट्रीय आवेदकों को अक्सर PhD प्रवेश में वित्तीय चुनौतियों का सामना करना पड़ता है, क्योंकि विश्वविद्यालयों में अंतरराष्ट्रीय छात्रों के लिए वित्तीय सहायता सीमित होती है। कई अंतरराष्ट्रीय छात्रों को स्व-वित्तपोषित PhD कार्यक्रमों का विकल्प चुनना पड़ता है, जिसमें उन्हें अपनी पढ़ाई के लिए स्वयं वित्तीय व्यवस्था करनी होती है। यूके और यूरोप में कई विश्वविद्यालयों में अंतरराष्ट्रीय छात्रों के लिए वित्तीय सहायता की सीमित उपलब्धता है, जिससे उन्हें वित्तीय चुनौतियों का सामना करना पड़ता है।",0.30857464227697534,0.9864582909277874
groq:summarization:hs15,groq,llama-3.3-70b-versatile,summarization,Summarisation,hs15,missing_materials,पोर्टल में missing materials या देरी से पहुंचे दस्तावेजों पर चर्चा का हिंदी सार लिखिए।,"जब पोर्टल कोई दस्तावेज गायब दिखाता है, तो उपयोगकर्ता पहले स्थिति की जांच और फिर विभाग से विनम्र संपर्क की सलाह देते हैं। चर्चा में यह भी दिखता है कि तकनीकी देरी से अनावश्यक तनाव पैदा होता है।","पोर्टल में मissing materials या देरी से पहुंचे दस्तावेजों के मामले में, यदि आप पहले ही विभाग को सूचित कर चुके हैं कि आधिकारिक ट्रांसक्रिप्ट भेजे जा रहे हैं, तो आपको फिर से ईमेल करने की आवश्यकता नहीं है। यदि आपके पोर्टल में सामग्री प्राप्त होने में देरी हो रही है, तो आप विभाग से संपर्क कर सकते हैं। इसके अलावा, यदि आपके रेफरी देर से पत्र जमा कर रहे हैं, तो आप पोर्टल पर अनुरोध ईमेल फिर से भेजने का प्रयास कर सकते हैं या प्रवेश समिति से संपर्क कर सकते हैं।",0.35811024263019825,0.9856519839599454
groq:summarization:hs16,groq,llama-3.3-70b-versatile,summarization,Summarisation,hs16,multiple_admits,कई admissions मिलने पर अंतिम निर्णय की चर्चा का हिंदी सार लिखिए।,"कई admissions मिलने पर लोग funding, fit, advisor, city और career goals की तुलना करते हैं। सलाह यह रहती है कि केवल नाम या prestige नहीं, बल्कि दीर्घकालिक उपयोगिता को प्राथमिकता दी जाए।","कई एडमिशन मिलने पर अंतिम निर्णय लेना मुश्किल हो सकता है, खासकर जब फंडिंग पैकेजों की तुलना करनी होती है। ओक्सफोर्ड क्लेरेंडन फंडिंग जैसे विकल्पों पर चर्चा की जा रही है, जहां छात्र अपने सुपरवाइजर से फंडिंग विकल्पों पर चर्चा कर सकते हैं। कई छात्र अपने एडमिशन ऑफर्स को रद्द करने से पहले फंडिंग पैकेजों की तुलना करने की कोशिश कर रहे हैं, लेकिन उन्हें डर है कि अन्य स्कूल उनके ऑफर को वापस ले सकते हैं।",0.23593788015369865,0.984456491434687
groq:summarization:hs17,groq,llama-3.3-70b-versatile,summarization,Summarisation,hs17,scholarship,scholarship और assistantship अनिश्चितता पर चर्चा का हिंदी सार लिखिए।,"कई पोस्ट यह दिखाती हैं कि scholarship या TA/RA support हमेशा निश्चित नहीं होता। उपयोगकर्ता इस अनिश्चितता को महत्वपूर्ण जोखिम मानते हैं, खासकर तब जब tuition पहले से बहुत अधिक हो।","स्नातक प्रवेश में छात्रवृत्ति और सहायकता की अनिश्चितता एक बड़ा मुद्दा है, क्योंकि वित्तीय स्थिति के कारण स्कूलों को फंडिंग के बारे में निर्णय लेने में देरी हो रही है। TA (टीचिंग असिस्टेंट) पदों के लिए राज्य वित्तपोषण में कमी आ रही है, जिससे छात्रों को सहायकता मिलने की संभावना कम हो जाती है। छात्रों को अक्सर सहायकता की पेशकश की जाती है, जिसमें ट्यूशन शुल्क माफ किया जाता है और मासिक वजीफा दिया जाता है, लेकिन यह गारंटी नहीं है कि उन्हें यह मिलेगा।",0.229747977174041,0.9847736885034265
groq:summarization:hs18,groq,llama-3.3-70b-versatile,summarization,Summarisation,hs18,mscs,MSCS और अन्य मास्टर्स प्रोग्रामों की लागत बनाम परिणाम पर चर्चा का हिंदी सार लिखिए।,MSCS और समान कार्यक्रमों की चर्चा में लागत और career outcomes का संतुलन प्रमुख मुद्दा है। उपयोगकर्ता पूछते हैं कि क्या महंगा प्रोग्राम सचमुच बेहतर अवसर देगा या कम लागत वाला विकल्प अधिक समझदारी भरा है।,"सीएमयू एमएससीएस कार्यक्रम की लागत और परिणाम पर चर्चा हो रही है, जिसमें छात्रों को 70,000 डॉलर से अधिक की लागत का सामना करना पड़ सकता है। न्यूयॉर्क यूनिवर्सिटी टैंडन के पूरी तरह से वित्तपोषित कार्यक्रम की तुलना में यह एक बड़ा निर्णय है। टीए/आरए स्पॉट उपलब्ध हैं, लेकिन वे सीमित हैं और 70,000 डॉलर से अधिक की लागत का समाधान नहीं हैं। सीएमयू एमएसई एसएस और यूएससी एमएससीएस जैसे अन्य कार्यक्रमों की तुलना में आरओआई के मामले में भी चर्चा हो रही है।",0.3152370614803012,0.984589831052332
groq:summarization:hs19,groq,llama-3.3-70b-versatile,summarization,Summarisation,hs19,"cv,profile_review",CV और profile review पर चर्चा का हिंदी सार लिखिए।,"Profile review चर्चाओं में लोग CV, research, GPA और school list के बीच संतुलन देखते हैं। प्रतिक्रिया अक्सर यथार्थवादी self-assessment और लक्ष्य सूची को दोबारा सोचने पर जोर देती है।","स्नातकोत्तर प्रवेश के लिए अपने सीवी को मजबूत बनाने के लिए, कई लोगों ने अपने अनुभव और कौशल को स्पष्ट और संक्षिप्त रूप से प्रस्तुत करने की सलाह दी है। उन्होंने सुझाव दिया है कि सीवी को एक पेज पर रखा जाना चाहिए और इसमें कोई जटिल प्रारूप नहीं होना चाहिए, क्योंकि यह एआई द्वारा सीवी की समीक्षा को प्रभावित कर सकता है। इसके अलावा, लोगों ने अपने सीवी को दूसरों के साथ तुलना करने और सुधार करने के लिए लिंक्डइन जैसी वेबसाइटों पर देखने की सलाह दी है।",0.19305492238681154,0.9846811572472957
groq:summarization:hs20,groq,llama-3.3-70b-versatile,summarization,Summarisation,hs20,community_support,समुदाय द्वारा दिए जाने वाले समर्थन और reassurance पर चर्चा का हिंदी सार लिखिए।,"हालांकि सबरेडिट में चिंता बहुत दिखाई देती है, समुदाय का सहायक पक्ष भी मजबूत है। लोग एक-दूसरे को धैर्य रखने, आत्म-मूल्य को admissions से अलग देखने और लंबे इंतजार के दौरान संतुलित रहने के लिए प्रोत्साहित करते हैं।",समुदाय द्वारा दिए जाने वाले समर्थन और reassurance पर चर्चा में लोग अपने अनुभवों को साझा कर रहे हैं और एक दूसरे को धैर्य रखने की सलाह दे रहे हैं। वे कहते हैं कि ग्रेजुएट स्कूल के दाखिले की प्रक्रिया में समय लगता है और यह सामान्य है। लोगों को अपने भविष्य के बारे में चिंतित नहीं होना चाहिए और वर्तमान क्षण पर ध्यान केंद्रित करना चाहिए।,0.35593631329862435,0.9875255702633591
gemini:summarization:hs01,gemini,gemini-2.5-flash,summarization,Summarisation,hs01,"phd,research_fit",PhD प्रवेश में research fit और profile strength पर चर्चा का 2-4 वाक्यों में हिंदी सार लिखिए।,"चर्चा में research fit को बहुत महत्व दिया गया है। उपयोगकर्ता मानते हैं कि शोध अनुभव, उपयुक्त faculty match और मजबूत recommendation letters मिलकर PhD आवेदन को अधिक विश्वसनीय बनाते हैं, जबकि GPA अकेला निर्णायक कारक नहीं होता।","PhD प्रवेश में, GPA महत्वपूर्ण है, लेकिन शोध क्षमता",0.10639810914677988,0.9873054656014865
gemini:summarization:hs02,gemini,gemini-2.5-flash,summarization,Summarisation,hs02,low_gpa,कम GPA वाले आवेदनों पर चर्चा का हिंदी सार लिखिए।,"कम GPA को चुनौती माना जाता है, लेकिन उपयोगकर्ता यह भी कहते हैं कि अच्छा शोध अनुभव, मजबूत letters और स्पष्ट संदर्भ स्थिति को बेहतर बना सकते हैं। कुल मिलाकर सलाह यह है कि प्रोफाइल के बाकी हिस्सों को मजबूत करके आवेदन को संतुलित बनाया जाए।",कम GPA वाले आवेदनों पर चर्चा के,0.07959919175918814,0.9835718730103211
gemini:summarization:hs03,gemini,gemini-2.5-flash,summarization,Summarisation,hs03,sop,SOP और personal statement पर होने वाली चर्चा का हिंदी सार लिखिए।,"लोगों के अनुसार SOP को generic नहीं होना चाहिए। उसमें applicant का शोध या शैक्षणिक लक्ष्य, program fit और स्पष्ट motivation दिखना चाहिए, जबकि अनावश्यक नाम-गिनती या अस्पष्ट दावों से बचना बेहतर माना जाता है।",SOP और personal statement के बीच के अंतर को लेकर,0.09348077531699724,0.9840846167692691
gemini:summarization:hs04,gemini,gemini-2.5-flash,summarization,Summarisation,hs04,letters,recommendation letters पर चर्चा का हिंदी सार लिखिए।,"Recommendation letters को खासकर PhD आवेदन में एक प्रमुख कारक माना जाता है। उपयोगकर्ता मजबूत, व्यक्तिगत और विश्वसनीय letters को महत्व देते हैं, जबकि बहुत सामान्य पत्र प्रोफाइल को कमजोर कर सकते हैं।",एक मजबूत रिकमेंडेशन लेटर के लिए प्रोफेसर की,0.09018831107059148,0.9810004149724282
gemini:summarization:hs05,gemini,gemini-2.5-flash,summarization,Summarisation,hs05,"professors,email",आवेदन से पहले प्रोफेसरों को ईमेल करने पर चर्चा का हिंदी सार लिखिए।,"चर्चा में यह राय मिलती है कि प्रोफेसरों को ईमेल करना कुछ क्षेत्रों में उपयोगी हो सकता है, खासकर शोध-आधारित PhD आवेदन में। लेकिन ईमेल संक्षिप्त, विनम्र और वास्तविक research fit पर आधारित होना चाहिए; इसे हर जगह आवश्यक नहीं माना जाता।",ग्रेजुएट प्रोग्राम के लिए आवेदन करने से पहले,0.07966034839472526,0.9794678322986949
gemini:summarization:hs06,gemini,gemini-2.5-flash,summarization,Summarisation,hs06,interview,इंटरव्यू तैयारी और अनुभव पर चर्चा का हिंदी सार लिखिए।,"उपयोगकर्ता इंटरव्यू के लिए अपने शोध अनुभव को स्पष्ट रूप से समझाने, faculty fit बताने और सोच-समझकर सवाल पूछने की सलाह देते हैं। इंटरव्यू को केवल जांच नहीं, बल्कि mutual fit समझने की प्रक्रिया भी माना जाता है।",पीएच.डी. इंटरव्यू की तैयारी के लिए,0.10139502269829889,0.9816620707660128
gemini:summarization:hs07,gemini,gemini-2.5-flash,summarization,Summarisation,hs07,"gradcafe,waiting",GradCafe और निर्णय का इंतजार करने से जुड़ी चर्चा का हिंदी सार लिखिए।,"GradCafe को निर्णयों की जानकारी पाने के लिए उपयोगी माना जाता है, लेकिन कई उपयोगकर्ताओं के लिए यह चिंता भी बढ़ाता है। लोग बार-बार अपडेट देखने से तनाव बढ़ने और अधूरी जानकारी के आधार पर अनुमान लगाने की समस्या का उल्लेख करते हैं।",आवेदक अपनी ग्रेजुएट एडमिशन के निर्णयों (,0.07861329895496141,0.980951627446299
gemini:summarization:hs08,gemini,gemini-2.5-flash,summarization,Summarisation,hs08,rejection,रिजेक्शन और उससे निपटने पर चर्चा का हिंदी सार लिखिए।,"रिजेक्शन के बाद उपयोगकर्ता निराशा, आत्म-संदेह और थकान की बात करते हैं। जवाब देने वाले अक्सर यह समझाते हैं कि रिजेक्शन व्यक्ति की कीमत तय नहीं करता और बाकी विकल्पों या अगले चक्र पर ध्यान देना चाहिए।",PhD आवेदनों में रिजेक्शन से निप,0.07605886801851221,0.9837677734680508
gemini:summarization:hs09,gemini,gemini-2.5-flash,summarization,Summarisation,hs09,waitlist,वेटलिस्ट और देर से आने वाले निर्णयों पर चर्चा का हिंदी सार लिखिए।,वेटलिस्ट की चर्चा में अनिश्चितता प्रमुख है। लोग यह समझने की कोशिश करते हैं कि दूसरी offer कब स्वीकार करनी चाहिए और वेटलिस्ट पर बने रहने का व्यावहारिक मतलब क्या है।,वेटलिस्ट वाले आवेदकों को अक्सर तब तक,0.10365118428843029,0.9838854124381474
gemini:summarization:hs10,gemini,gemini-2.5-flash,summarization,Summarisation,hs10,funding,"फंडिंग, assistantship और affordability पर चर्चा का हिंदी सार लिखिए।","फंडिंग को कई उपयोगकर्ता निर्णय का केंद्रीय हिस्सा मानते हैं। चर्चा में assistantship, scholarship, tuition burden और वास्तविक affordability की तुलना की जाती है, खासकर उन कार्यक्रमों में जहां लागत बहुत अधिक है।",पीएच.डी. के लिए फंडिंग और साम,0.06045790896140889,0.984722176936317
gemini:summarization:hs11,gemini,gemini-2.5-flash,summarization,Summarisation,hs11,unfunded_masters,बिना फंडिंग वाले मास्टर्स ऑफरों पर चर्चा का हिंदी सार लिखिए।,"बिना फंडिंग वाले मास्टर्स ऑफरों को लेकर बातचीत सावधान है। कई उपयोगकर्ता ऐसे ऑफरों की उपयोगिता को लागत, कर्ज और भविष्य के career payoff के संदर्भ में तौलने की सलाह देते हैं।",बिना फंडिंग वाले मास्टर्स ऑफरों पर,0.2164196729912139,0.9879396660623129
gemini:summarization:hs12,gemini,gemini-2.5-flash,summarization,Summarisation,hs12,masters_to_phd,मास्टर्स के बाद PhD करने की रणनीति पर चर्चा का हिंदी सार लिखिए।,कुछ लोगों के लिए मास्टर्स को PhD से पहले प्रोफाइल सुधारने और शोध अनुभव बढ़ाने का रास्ता माना जाता है। फिर भी यह धारणा सार्वभौमिक नहीं है और लोग लागत तथा उद्देश्य के आधार पर निर्णय लेने की सलाह देते हैं।,मास्टर्स के बाद PhD के लिए आवेदन करने,0.12602317475704145,0.9862916343890694
gemini:summarization:hs13,gemini,gemini-2.5-flash,summarization,Summarisation,hs13,program_selection,प्रोग्राम चुनने के मानदंडों पर चर्चा का हिंदी सार लिखिए।,"प्रोग्राम चयन में fit, funding, location, advisor, reputation और career outcomes को साथ देखकर निर्णय लेने की बात की जाती है। चर्चा यह भी बताती है कि prestige अकेला पर्याप्त कारण नहीं होना चाहिए।","MS प्रोग्राम चुनने के मानदंडों पर चर्चा में, छात्रों ने",0.13600058861005415,0.98219995633235
gemini:summarization:hs14,gemini,gemini-2.5-flash,summarization,Summarisation,hs14,international,अंतरराष्ट्रीय आवेदकों की चिंताओं पर चर्चा का हिंदी सार लिखिए।,"अंतरराष्ट्रीय आवेदकों की चर्चा में वीजा, वित्तीय प्रमाण, फंडिंग और विदेशी डिग्री के मूल्यांकन की चिंता बार-बार आती है। लागत और समय-सीमा का दबाव उनकी निर्णय प्रक्रिया को और जटिल बनाता है।",अंतर्राष्ट्रीय आवेदकों को PhD कार्यक्रमों के लिए फंडिंग,0.20109800095779198,0.9869942815825077
gemini:summarization:hs15,gemini,gemini-2.5-flash,summarization,Summarisation,hs15,missing_materials,पोर्टल में missing materials या देरी से पहुंचे दस्तावेजों पर चर्चा का हिंदी सार लिखिए।,"जब पोर्टल कोई दस्तावेज गायब दिखाता है, तो उपयोगकर्ता पहले स्थिति की जांच और फिर विभाग से विनम्र संपर्क की सलाह देते हैं। चर्चा में यह भी दिखता है कि तकनीकी देरी से अनावश्यक तनाव पैदा होता है।",छात्रों ने आवेदन पोर्टल पर लापता सामग्री या,0.08826191504190577,0.9797005818976454
gemini:summarization:hs16,gemini,gemini-2.5-flash,summarization,Summarisation,hs16,multiple_admits,कई admissions मिलने पर अंतिम निर्णय की चर्चा का हिंदी सार लिखिए।,"कई admissions मिलने पर लोग funding, fit, advisor, city और career goals की तुलना करते हैं। सलाह यह रहती है कि केवल नाम या prestige नहीं, बल्कि दीर्घकालिक उपयोगिता को प्राथमिकता दी जाए।","कई admissions मिलने पर, एक उपयोगकर्ता ने पूछा",0.18772587295397986,0.9852556699548494
gemini:summarization:hs17,gemini,gemini-2.5-flash,summarization,Summarisation,hs17,scholarship,scholarship और assistantship अनिश्चितता पर चर्चा का हिंदी सार लिखिए।,"कई पोस्ट यह दिखाती हैं कि scholarship या TA/RA support हमेशा निश्चित नहीं होता। उपयोगकर्ता इस अनिश्चितता को महत्वपूर्ण जोखिम मानते हैं, खासकर तब जब tuition पहले से बहुत अधिक हो।",छात्रवृत्ति और असिस्टेंटशिप की अनिश्चित,0.09216871181769776,0.9846757764785631
gemini:summarization:hs18,gemini,gemini-2.5-flash,summarization,Summarisation,hs18,mscs,MSCS और अन्य मास्टर्स प्रोग्रामों की लागत बनाम परिणाम पर चर्चा का हिंदी सार लिखिए।,MSCS और समान कार्यक्रमों की चर्चा में लागत और career outcomes का संतुलन प्रमुख मुद्दा है। उपयोगकर्ता पूछते हैं कि क्या महंगा प्रोग्राम सचमुच बेहतर अवसर देगा या कम लागत वाला विकल्प अधिक समझदारी भरा है।,CMU MSCS की लागत पर चर्चा हो रही है,0.09748279264604459,0.9839174697569216
gemini:summarization:hs19,gemini,gemini-2.5-flash,summarization,Summarisation,hs19,"cv,profile_review",CV और profile review पर चर्चा का हिंदी सार लिखिए।,"Profile review चर्चाओं में लोग CV, research, GPA और school list के बीच संतुलन देखते हैं। प्रतिक्रिया अक्सर यथार्थवादी self-assessment और लक्ष्य सूची को दोबारा सोचने पर जोर देती है।","CV को मजबूत बनाने के लिए, चर्चा में इसे",0.09382721411863584,0.9854756096466428
gemini:summarization:hs20,gemini,gemini-2.5-flash,summarization,Summarisation,hs20,community_support,समुदाय द्वारा दिए जाने वाले समर्थन और reassurance पर चर्चा का हिंदी सार लिखिए।,"हालांकि सबरेडिट में चिंता बहुत दिखाई देती है, समुदाय का सहायक पक्ष भी मजबूत है। लोग एक-दूसरे को धैर्य रखने, आत्म-मूल्य को admissions से अलग देखने और लंबे इंतजार के दौरान संतुलित रहने के लिए प्रोत्साहित करते हैं।","स्नातक प्रवेश चर्चाओं में, समुदाय धैर्य रखने",0.12366737278850792,0.983696196505065
groq:code_mixed_normalization:hn01,groq,llama-3.3-70b-versatile,code_mixed_normalization,Extra: Hinglish to Clean Hindi,hn01,"code_mixed,slang",Mera profile thoda mid hai but research fit solid lag raha hai.,"मेरी प्रोफाइल थोड़ी औसत है, लेकिन research fit काफी मजबूत लग रहा है।",मेरा प्रोफ़ाइल थोड़ा मध्यम है लेकिन रिसर्च फिट बिल्कुल ठीक लग रहा है।,0.4043997241036181,0.9940505325526806
groq:code_mixed_normalization:hn02,groq,llama-3.3-70b-versatile,code_mixed_normalization,Extra: Hinglish to Clean Hindi,hn02,"code_mixed,funding","Admit mil gaya, par funding zero hai so scene risky lag raha hai.","प्रवेश मिल गया है, लेकिन funding बिल्कुल नहीं है, इसलिए स्थिति जोखिम भरी लग रही है।","प्रवेश मिल गया है, लेकिन वित्तीय सहायता शून्य है, इसलिए स्थिति जोखिम भरी लग रही है।",0.7404524135652019,0.9960459389637198
groq:code_mixed_normalization:hn03,groq,llama-3.3-70b-versatile,code_mixed_normalization,Extra: Hinglish to Clean Hindi,hn03,"code_mixed,documents",Portal bol raha hai transcript missing hai even though maine last week upload kiya tha.,"पोर्टल कह रहा है कि transcript गायब है, जबकि मैंने उसे पिछले हफ्ते अपलोड किया था।","पोर्टल कह रहा है कि ट्रांस्क्रिप्ट गायब है, जबकि मैंने पिछले हफ्ते ही अपलोड कर दिया था।",0.7224238194308596,0.9958395526824173
groq:code_mixed_normalization:hn04,groq,llama-3.3-70b-versatile,code_mixed_normalization,Extra: Hinglish to Clean Hindi,hn04,"code_mixed,gradcafe",GradCafe dekh dekh ke anxiety max ho rahi hai.,GradCafe बार-बार देखने से चिंता बहुत बढ़ रही है।,ग्रेडकैफे देख देख कर चिंता बढ़ती जा रही है।,0.3558682274802514,0.9894753952840557
groq:code_mixed_normalization:hn05,groq,llama-3.3-70b-versatile,code_mixed_normalization,Extra: Hinglish to Clean Hindi,hn05,"code_mixed,interview",PI ne bola project interesting hai but mujhe fit aur clear dikhana hoga.,"PI ने कहा कि परियोजना रोचक है, लेकिन मुझे अपना fit और स्पष्ट रूप से दिखाना होगा।","पीआई ने कहा कि परियोजना रोचक है, लेकिन मुझे इसे फिट और स्पष्ट दिखाना होगा।",0.7478196581553975,0.9961898705020432
groq:code_mixed_normalization:hn06,groq,llama-3.3-70b-versatile,code_mixed_normalization,Extra: Hinglish to Clean Hindi,hn06,"code_mixed,email",Dept ko mail karun ya fir aur wait karun?,क्या मुझे विभाग को ईमेल करना चाहिए या थोड़ा और इंतजार करना चाहिए?,विभाग को मेल करूँ या और इंतजार करूँ?,0.4115676433665882,0.9867325046839396
groq:code_mixed_normalization:hn07,groq,llama-3.3-70b-versatile,code_mixed_normalization,Extra: Hinglish to Clean Hindi,hn07,"code_mixed,rejection",Do rejects back to back aaye aur confidence hit ho gaya.,लगातार दो रिजेक्शन आए और आत्मविश्वास को चोट पहुंची।,लगातार दो अस्वीकृति मिलने से मेरा आत्मविश्वास कम हो गया।,0.4391601158560363,0.987998110061745
groq:code_mixed_normalization:hn08,groq,llama-3.3-70b-versatile,code_mixed_normalization,Extra: Hinglish to Clean Hindi,hn08,"code_mixed,school_list",Meri school list shayad bahut ambitious ho gayi hai.,शायद मेरी school list बहुत अधिक महत्वाकांक्षी हो गई है।,मेरी स्कूल सूची शायद बहुत महत्वाकांक्षी हो गई है।,0.6156610587790581,0.9976840822728473
groq:code_mixed_normalization:hn09,groq,llama-3.3-70b-versatile,code_mixed_normalization,Extra: Hinglish to Clean Hindi,hn09,"code_mixed,letters","Strong LoR hai but GPA average hai, to chance kaisa hai?","LoR मजबूत है, लेकिन GPA औसत है; ऐसे में अवसर कैसा है?","मजबूत लेटर ऑफ रिकमेंडेशन है लेकिन जीपीए औसत है, तो मौका कैसा है?",0.4667593760314027,0.990528517179678
groq:code_mixed_normalization:hn10,groq,llama-3.3-70b-versatile,code_mixed_normalization,Extra: Hinglish to Clean Hindi,hn10,"code_mixed,waitlist","Top choice ne waitlist kar diya, ab dusra offer accept karun kya?",मेरी पहली पसंद ने मुझे वेटलिस्ट कर दिया है; अब क्या मुझे दूसरा ऑफर स्वीकार कर लेना चाहिए?,"मेरी पहली पसंद ने मुझे वेटलिस्ट में डाल दिया है, अब क्या मुझे दूसरा ऑफर स्वीकार करना चाहिए?",0.847949436273663,0.9970916159394948
groq:code_mixed_normalization:hn11,groq,llama-3.3-70b-versatile,code_mixed_normalization,Extra: Hinglish to Clean Hindi,hn11,"code_mixed,named_entity",USC ka location tempting hai but tuition dekh ke shock lag raha hai.,"USC का स्थान आकर्षक है, लेकिन tuition देखकर झटका लग रहा है।","यूएससी का स्थान बहुत आकर्षक है, लेकिन ट्यूशन फीस देखकर झटका लग रहा है।",0.7148318701960382,0.9947835009934504
groq:code_mixed_normalization:hn12,groq,llama-3.3-70b-versatile,code_mixed_normalization,Extra: Hinglish to Clean Hindi,hn12,"code_mixed,assistantship",TA confirm nahi hua to pura budget hil jayega.,"यदि TA पक्का नहीं हुआ, तो पूरा बजट बिगड़ जाएगा।",टीए की पुष्टि नहीं होने पर पूरा बजट प्रभावित हो जाएगा।,0.4151003122776958,0.9887961090160478
groq:code_mixed_normalization:hn13,groq,llama-3.3-70b-versatile,code_mixed_normalization,Extra: Hinglish to Clean Hindi,hn13,"code_mixed,sop","SOP generic lag raha hai, usme fit ka angle aur strong banana hai.",SOP सामान्य लग रहा है; उसमें fit का पक्ष और मजबूत बनाना होगा।,"एसओपी जेनरिक लग रहा है, उसमें फिट का एंगल और मजबूत करना है।",0.4030900375888308,0.9914766182121699
groq:code_mixed_normalization:hn14,groq,llama-3.3-70b-versatile,code_mixed_normalization,Extra: Hinglish to Clean Hindi,hn14,"code_mixed,international",International applicants ke liye visa aur funds dono headache ban rahe hain.,अंतरराष्ट्रीय आवेदकों के लिए वीजा और धन दोनों ही बड़ी चिंता बन रहे हैं।,अंतर्राष्ट्रीय आवेदकों के लिए वीजा और धन दोनों ही परेशानी का कारण बन रहे हैं।,0.7840872083924053,0.997078411228135
groq:code_mixed_normalization:hn15,groq,llama-3.3-70b-versatile,code_mixed_normalization,Extra: Hinglish to Clean Hindi,hn15,"code_mixed,cv",CV theek hai but publications na hone se profile weak feel ho rahi hai.,"CV ठीक है, लेकिन प्रकाशन न होने से प्रोफाइल कमजोर लग रही है।","मेरा सीवी ठीक है, लेकिन प्रकाशन न होने से मेरा प्रोफाइल कमजोर लग रहा है।",0.8355548110964605,0.9969588639157738
groq:code_mixed_normalization:hn16,groq,llama-3.3-70b-versatile,code_mixed_normalization,Extra: Hinglish to Clean Hindi,hn16,"code_mixed,community_support",Comments padh ke thoda better feel hua ki sirf mere saath hi aisa nahi ho raha.,टिप्पणियां पढ़कर थोड़ा बेहतर लगा कि ऐसा सिर्फ मेरे साथ ही नहीं हो रहा।,टिप्पणियाँ पढ़कर थोड़ा अच्छा लगा कि सिर्फ मेरे साथ ही ऐसा नहीं हो रहा है।,0.741001129633876,0.9945767949712502
groq:code_mixed_normalization:hn17,groq,llama-3.3-70b-versatile,code_mixed_normalization,Extra: Hinglish to Clean Hindi,hn17,"code_mixed,timeline","Interview ho gaya but abhi tak koi update nahi, pura limbo chal raha hai.","इंटरव्यू हो चुका है, लेकिन अभी तक कोई अपडेट नहीं है; पूरी स्थिति अधर में है।","साक्षात्कार हो गया लेकिन अभी तक कोई अपडेट नहीं मिला है, पूरी स्थिति अनिश्चितता की है।",0.6096544888913518,0.9930883990168496
groq:code_mixed_normalization:hn18,groq,llama-3.3-70b-versatile,code_mixed_normalization,Extra: Hinglish to Clean Hindi,hn18,"code_mixed,masters_to_phd",Shayad pehle masters karke profile build karna smarter move hoga.,शायद पहले मास्टर्स करके प्रोफाइल बनाना अधिक समझदारी भरा कदम होगा।,शायद पहले मास्टर्स करके प्रोफ़ाइल बनाना एक समझदारी भरा कदम होगा।,0.8771953464861382,0.9972013203343799
groq:code_mixed_normalization:hn19,groq,llama-3.3-70b-versatile,code_mixed_normalization,Extra: Hinglish to Clean Hindi,hn19,"code_mixed,named_entity","CMU dream hai, par mera undergrad college itna known nahi hai.","CMU मेरा सपना है, लेकिन मेरा स्नातक कॉलेज इतना प्रसिद्ध नहीं है।","मेरा सपना सीएमयू में पढ़ने का है, लेकिन मेरा अंडरग्रेजुएट कॉलेज इतना प्रसिद्ध नहीं है।",0.7542250083792345,0.9940442344438495
groq:code_mixed_normalization:hn20,groq,llama-3.3-70b-versatile,code_mixed_normalization,Extra: Hinglish to Clean Hindi,hn20,"code_mixed,slang","Portal abhi bhi ghost kar raha hai, so I am trying not to spiral.","पोर्टल अभी भी कोई जवाब नहीं दे रहा है, इसलिए मैं कोशिश कर रहा हूं कि घबराहट में न फंसूं।","पोर्टल अभी भी धीमा चल रहा है, इसलिए मैं स्थिति को बिगड़ने से रोकने की कोशिश कर रहा हूँ।",0.5455722312752814,0.9891168812703875
gemini:code_mixed_normalization:hn01,gemini,gemini-2.5-flash,code_mixed_normalization,Extra: Hinglish to Clean Hindi,hn01,"code_mixed,slang",Mera profile thoda mid hai but research fit solid lag raha hai.,"मेरी प्रोफाइल थोड़ी औसत है, लेकिन research fit काफी मजबूत लग रहा है।","मेरा प्रोफ़ाइल थोड़ा मध्यम है,",0.23298168451642082,0.9885768442959618
gemini:code_mixed_normalization:hn02,gemini,gemini-2.5-flash,code_mixed_normalization,Extra: Hinglish to Clean Hindi,hn02,"code_mixed,funding","Admit mil gaya, par funding zero hai so scene risky lag raha hai.","प्रवेश मिल गया है, लेकिन funding बिल्कुल नहीं है, इसलिए स्थिति जोखिम भरी लग रही है।",दाखिला मिल गया है,0.13847910690400567,0.9850703972496565
gemini:code_mixed_normalization:hn03,gemini,gemini-2.5-flash,code_mixed_normalization,Extra: Hinglish to Clean Hindi,hn03,"code_mixed,documents",Portal bol raha hai transcript missing hai even though maine last week upload kiya tha.,"पोर्टल कह रहा है कि transcript गायब है, जबकि मैंने उसे पिछले हफ्ते अपलोड किया था।",पोर्टल बता रहा है कि ट्रांस,0.22061586830119434,0.9907937193854738
gemini:code_mixed_normalization:hn04,gemini,gemini-2.5-flash,code_mixed_normalization,Extra: Hinglish to Clean Hindi,hn04,"code_mixed,gradcafe",GradCafe dekh dekh ke anxiety max ho rahi hai.,GradCafe बार-बार देखने से चिंता बहुत बढ़ रही है।,ग्रेडकैफे देख-देखकर चिंता,0.17424929067477,0.9847508798104171
gemini:code_mixed_normalization:hn05,gemini,gemini-2.5-flash,code_mixed_normalization,Extra: Hinglish to Clean Hindi,hn05,"code_mixed,interview",PI ne bola project interesting hai but mujhe fit aur clear dikhana hoga.,"PI ने कहा कि परियोजना रोचक है, लेकिन मुझे अपना fit और स्पष्ट रूप से दिखाना होगा।","PI ने बोला कि प्रोजेक्ट दिलचस्प है,",0.21399127156125478,0.9924172612483976
gemini:code_mixed_normalization:hn06,gemini,gemini-2.5-flash,code_mixed_normalization,Extra: Hinglish to Clean Hindi,hn06,"code_mixed,email",Dept ko mail karun ya fir aur wait karun?,क्या मुझे विभाग को ईमेल करना चाहिए या थोड़ा और इंतजार करना चाहिए?,मैं विभाग को मेल करूँ या और,0.26614555816004737,0.9869156812615592
gemini:code_mixed_normalization:hn07,gemini,gemini-2.5-flash,code_mixed_normalization,Extra: Hinglish to Clean Hindi,hn07,"code_mixed,rejection",Do rejects back to back aaye aur confidence hit ho gaya.,लगातार दो रिजेक्शन आए और आत्मविश्वास को चोट पहुंची।,लगातार दो अस्वीकृतियाँ मिलीं और आत्मविश्वास को ठेस,0.5205343656084301,0.9902632459380061
gemini:code_mixed_normalization:hn08,gemini,gemini-2.5-flash,code_mixed_normalization,Extra: Hinglish to Clean Hindi,hn08,"code_mixed,school_list",Meri school list shayad bahut ambitious ho gayi hai.,शायद मेरी school list बहुत अधिक महत्वाकांक्षी हो गई है।,मेरी यूनिवर्सिटी लिस्ट शायद बहुत महत्वाकांक्षी,0.4326855862621173,0.9921130213854727
gemini:code_mixed_normalization:hn09,gemini,gemini-2.5-flash,code_mixed_normalization,Extra: Hinglish to Clean Hindi,hn09,"code_mixed,letters","Strong LoR hai but GPA average hai, to chance kaisa hai?","LoR मजबूत है, लेकिन GPA औसत है; ऐसे में अवसर कैसा है?","मजबूत LoR है,",0.20235811354396682,0.9898816117668373
gemini:code_mixed_normalization:hn10,gemini,gemini-2.5-flash,code_mixed_normalization,Extra: Hinglish to Clean Hindi,hn10,"code_mixed,waitlist","Top choice ne waitlist kar diya, ab dusra offer accept karun kya?",मेरी पहली पसंद ने मुझे वेटलिस्ट कर दिया है; अब क्या मुझे दूसरा ऑफर स्वीकार कर लेना चाहिए?,पसंदीदा विकल्प ने वेटलिस्ट,0.18255423071203752,0.9818630305432478
gemini:code_mixed_normalization:hn11,gemini,gemini-2.5-flash,code_mixed_normalization,Extra: Hinglish to Clean Hindi,hn11,"code_mixed,named_entity",USC ka location tempting hai but tuition dekh ke shock lag raha hai.,"USC का स्थान आकर्षक है, लेकिन tuition देखकर झटका लग रहा है।",USC का स्थान आकर्षक,0.36571002217619825,0.9895430555572835
gemini:code_mixed_normalization:hn12,gemini,gemini-2.5-flash,code_mixed_normalization,Extra: Hinglish to Clean Hindi,hn12,"code_mixed,assistantship",TA confirm nahi hua to pura budget hil jayega.,"यदि TA पक्का नहीं हुआ, तो पूरा बजट बिगड़ जाएगा।",यदि TA confirm नहीं हुआ,0.2887000855096604,0.9876055587819441
gemini:code_mixed_normalization:hn13,gemini,gemini-2.5-flash,code_mixed_normalization,Extra: Hinglish to Clean Hindi,hn13,"code_mixed,sop","SOP generic lag raha hai, usme fit ka angle aur strong banana hai.",SOP सामान्य लग रहा है; उसमें fit का पक्ष और मजबूत बनाना होगा।,SOP सामान्य लग रहा है,0.37387512952436436,0.9921506695169149
gemini:code_mixed_normalization:hn14,gemini,gemini-2.5-flash,code_mixed_normalization,Extra: Hinglish to Clean Hindi,hn14,"code_mixed,international",International applicants ke liye visa aur funds dono headache ban rahe hain.,अंतरराष्ट्रीय आवेदकों के लिए वीजा और धन दोनों ही बड़ी चिंता बन रहे हैं।,अंतर्राष्ट्रीय आवेदकों के लिए वीज़ा,0.4514016594959979,0.9885146023255078
gemini:code_mixed_normalization:hn15,gemini,gemini-2.5-flash,code_mixed_normalization,Extra: Hinglish to Clean Hindi,hn15,"code_mixed,cv",CV theek hai but publications na hone se profile weak feel ho rahi hai.,"CV ठीक है, लेकिन प्रकाशन न होने से प्रोफाइल कमजोर लग रही है।","CV ठीक है, लेकिन प्रकाशन",0.44881385797724516,0.992095391088879
gemini:code_mixed_normalization:hn16,gemini,gemini-2.5-flash,code_mixed_normalization,Extra: Hinglish to Clean Hindi,hn16,"code_mixed,community_support",Comments padh ke thoda better feel hua ki sirf mere saath hi aisa nahi ho raha.,टिप्पणियां पढ़कर थोड़ा बेहतर लगा कि ऐसा सिर्फ मेरे साथ ही नहीं हो रहा।,टिप्पणियाँ पढ़कर,0.20297676171935333,0.9786756082190204
gemini:code_mixed_normalization:hn17,gemini,gemini-2.5-flash,code_mixed_normalization,Extra: Hinglish to Clean Hindi,hn17,"code_mixed,timeline","Interview ho gaya but abhi tak koi update nahi, pura limbo chal raha hai.","इंटरव्यू हो चुका है, लेकिन अभी तक कोई अपडेट नहीं है; पूरी स्थिति अधर में है।",साक्षात्कार हो गया है,0.08297282199202541,0.9848470561713516
gemini:code_mixed_normalization:hn18,gemini,gemini-2.5-flash,code_mixed_normalization,Extra: Hinglish to Clean Hindi,hn18,"code_mixed,masters_to_phd",Shayad pehle masters karke profile build karna smarter move hoga.,शायद पहले मास्टर्स करके प्रोफाइल बनाना अधिक समझदारी भरा कदम होगा।,शायद पहले मास्ट,0.24999677796744246,0.982741580198278
gemini:code_mixed_normalization:hn19,gemini,gemini-2.5-flash,code_mixed_normalization,Extra: Hinglish to Clean Hindi,hn19,"code_mixed,named_entity","CMU dream hai, par mera undergrad college itna known nahi hai.","CMU मेरा सपना है, लेकिन मेरा स्नातक कॉलेज इतना प्रसिद्ध नहीं है।",CMU मेरा सपना है,0.2713399826631222,0.9906947590558958
gemini:code_mixed_normalization:hn20,gemini,gemini-2.5-flash,code_mixed_normalization,Extra: Hinglish to Clean Hindi,hn20,"code_mixed,slang","Portal abhi bhi ghost kar raha hai, so I am trying not to spiral.","पोर्टल अभी भी कोई जवाब नहीं दे रहा है, इसलिए मैं कोशिश कर रहा हूं कि घबराहट में न फंसूं।",पोर्टल अभी भी समस्या,0.18186456291006572,0.9844573008005117
